-- MySQL dump 10.13  Distrib 5.5.29, for debian-linux-gnu (x86_64)
--
-- Host: localhost    Database: assign_seat
-- ------------------------------------------------------
-- Server version	5.5.29-0ubuntu0.12.04.1-log

/*!40101 SET @OLD_CHARACTER_SET_CLIENT=@@CHARACTER_SET_CLIENT */;
/*!40101 SET @OLD_CHARACTER_SET_RESULTS=@@CHARACTER_SET_RESULTS */;
/*!40101 SET @OLD_COLLATION_CONNECTION=@@COLLATION_CONNECTION */;
/*!40101 SET NAMES utf8 */;
/*!40103 SET @OLD_TIME_ZONE=@@TIME_ZONE */;
/*!40103 SET TIME_ZONE='+00:00' */;
/*!40014 SET @OLD_UNIQUE_CHECKS=@@UNIQUE_CHECKS, UNIQUE_CHECKS=0 */;
/*!40014 SET @OLD_FOREIGN_KEY_CHECKS=@@FOREIGN_KEY_CHECKS, FOREIGN_KEY_CHECKS=0 */;
/*!40101 SET @OLD_SQL_MODE=@@SQL_MODE, SQL_MODE='NO_AUTO_VALUE_ON_ZERO' */;
/*!40111 SET @OLD_SQL_NOTES=@@SQL_NOTES, SQL_NOTES=0 */;

--
-- Current Database: `assign_seat`
--

/*!40000 DROP DATABASE IF EXISTS `assign_seat`*/;

CREATE DATABASE /*!32312 IF NOT EXISTS*/ `assign_seat` /*!40100 DEFAULT CHARACTER SET latin1 */;

USE `assign_seat`;

--
-- Table structure for table `employee`
--

DROP TABLE IF EXISTS `employee`;
/*!40101 SET @saved_cs_client     = @@character_set_client */;
/*!40101 SET character_set_client = utf8 */;
CREATE TABLE `employee` (
  `id` int(11) NOT NULL AUTO_INCREMENT,
  `name` varchar(30) DEFAULT NULL,
  `osscubememberid` varchar(30) DEFAULT NULL,
  `officialemailid` varchar(30) DEFAULT NULL,
  `designation` varchar(30) DEFAULT NULL,
  `department` varchar(30) DEFAULT NULL,
  `teams` varchar(30) DEFAULT NULL,
  `cell` varchar(30) DEFAULT NULL,
  `location` varchar(30) DEFAULT NULL,
  `territory` varchar(30) DEFAULT NULL,
  `status` enum('0','1') DEFAULT '1',
  `created_on` timestamp NOT NULL DEFAULT CURRENT_TIMESTAMP ON UPDATE CURRENT_TIMESTAMP,
  `updated_on` datetime DEFAULT NULL,
  `user_image` blob,
  `details` text,
  PRIMARY KEY (`id`)
) ENGINE=InnoDB AUTO_INCREMENT=184 DEFAULT CHARSET=latin1;
/*!40101 SET character_set_client = @saved_cs_client */;

--
-- Dumping data for table `employee`
--

LOCK TABLES `employee` WRITE;
/*!40000 ALTER TABLE `employee` DISABLE KEYS */;
INSERT INTO `employee` VALUES (1,'Rajul Gupta','OSS/IN/25012','rajul@osscube.com','Project Manager','Engineering','SugarCRM Practice','Development','NOI','India\r\n','1','2013-08-20 14:07:49',NULL,NULL,NULL),(2,'Ajay Kumar Shukla','OSS/IN/25019','ajay.shukla@osscube.com','Lead Engineer','Engineering','ZCOE','Development','NOI','India\r\n','1','2013-08-20 14:07:49',NULL,NULL,NULL),(3,'Animesh Kumar','OSS/IN/25032','animesh.kumar@osscube.com','Lead Engineer','Engineering','ZCOE','Development','NOI','India\r\n','1','2013-08-20 14:07:49',NULL,NULL,NULL),(4,'Anju Dubey','OSS/IN/25013','anju@osscube.com','Sr. Executive - Administration','Human Capital Management','HCM Team','Administration','NOI','India\r\n','1','2013-08-20 14:07:49',NULL,NULL,NULL),(5,'Ankur Kumar Aeran','OSS/IN/25191','ankur@osscube.com','Project Lead','Technology','Database ','Database','NOI','India\r\n','1','2013-08-20 14:07:49',NULL,NULL,NULL),(6,'Arinder Singh Suri','OSS/IN/25005','arinder@osscube.com','Sr. Project Manager','Engineering','PMO','Engineering Management','NOI','India\r\n','1','2013-08-20 14:07:49',NULL,NULL,NULL),(7,'Avdhesh  Kumar Khare','OSS/IN/25029','avadesh.khare@osscube.com','Lead Engineer','Engineering','SugarCRM Practice','Development','NOI','India\r\n','1','2013-08-20 14:07:49',NULL,NULL,NULL),(8,'Chander Mohan Nahal','OSS/IN/25010','chander@osscube.com','Manager - HCM & Administration','Human Capital Management','HCM Team','Administration','NOI','India\r\n','1','2013-08-20 14:07:49',NULL,NULL,NULL),(9,'Kuldeep Kumar Singh','OSS/IN/25192','kuldeep@osscube.com','Sr. Software Engineer','Engineering','Business Enablers','Development','NOI','India\r\n','1','2013-08-20 14:07:49',NULL,NULL,NULL),(10,'Ravindra Raushan','OSS/IN/25007','ravindra@osscube.com','Technical Lead','Engineering','SugarCRM Practice','Development','NOI','India\r\n','1','2013-08-20 14:07:49',NULL,NULL,NULL),(11,'Shashi Kant Singh','OSS/IN/25201','shashi@osscube.com','Technical Lead','Engineering','ZCOE','Development','NOI','India\r\n','1','2013-08-20 14:07:49',NULL,NULL,NULL),(12,'Sonali Minocha','OSS/IN/25003','sonali@osscube.com','Sr. Project Manager','Technology','PMO','Technology Management','NOI','India\r\n','1','2013-08-20 14:07:49',NULL,NULL,NULL),(13,'Sonu Saini','OSS/IN/25122','sonu@osscube.com','Sr. Executive - Finance & Acco','Finance','Finance Team','Finance','NOI','India\r\n','1','2013-08-20 14:07:49',NULL,NULL,NULL),(14,'Pankaj Kumar Gupta','OSS/IN/25008','pankaj@osscube.com','Project Lead','Engineering','SugarGini','Development','NOI','India\r\n','1','2013-08-20 14:07:49',NULL,NULL,NULL),(15,'Tarun Seth','OSS/IN/25194','tarun.seth@osscube.com','Team Leader','Engineering','SugarCRM Practice','RMG-Development','NOI','India\r\n','1','2013-08-20 14:07:49',NULL,NULL,NULL),(16,'Vijaykant Khowal','OSS/IN/25190','vijay@osscube.com','Sr. System Administrator','Technology','System Admin','System Administration','NOI','India\r\n','1','2013-08-20 14:07:49',NULL,NULL,NULL),(17,'Vineet Agrawal','OSS/IN/25002','vineet@osscube.com','Director - Alliance & Relation','Business Development','Sales & Marketing','Business Development - India','NOI','India\r\n','1','2013-08-20 14:07:49',NULL,NULL,NULL),(18,'Vipin Nahal','OSS/IN/25035','vipin@osscube.com','System Administrator','Technology','System Admin','System Administration','NOI','India\r\n','1','2013-08-20 14:07:49',NULL,NULL,NULL),(19,'Kanwar Pal','OSS/IN/25038','kanwar@osscube.com','Sr. Software Engineer','Engineering','ZCOE','Development','NOI','India\r\n','1','2013-08-20 14:07:49',NULL,NULL,NULL),(20,'Rony Felix','OSS/IN/25011','rony@osscube.com','IT Infrastructure Specialist &','Technology','System Admin','System Administration','NOI','India\r\n','1','2013-08-20 14:07:49',NULL,NULL,NULL),(21,'Shambhu Nath Pandey','OSS/IN/25015','shambhu@osscube.com','Lead Engineer','Engineering','Drupal Practice','Development','NOI','India\r\n','1','2013-08-20 14:07:49',NULL,NULL,NULL),(22,'Pranabjyoti Das','OSS/IN/25004','pranab@osscube.com','Sr. Project Manager','Engineering','PMO','Engineering Management','NOI','India\r\n','1','2013-08-20 14:07:49',NULL,NULL,NULL),(23,'Maneesh Kumar Singh','OSS/IN/25045','maneesh@osscube.com','Team Leader','Engineering','ZCOE','Development','NOI','India\r\n','1','2013-08-20 14:07:49',NULL,NULL,NULL),(24,'Avadhesh Kumar Mishra','OSS/IN/25048','avadhesh.mishra@osscube.com','Lead Engineer','Technology','ZCOE','TAG','NOI','India\r\n','1','2013-08-20 14:07:49',NULL,NULL,NULL),(25,'Yash Kumar Sharma','OSS/IN/25050','yash@osscube.com','Lead Engineer','Engineering','Business Enablers','Development','NOI','India\r\n','1','2013-08-20 14:07:49',NULL,NULL,NULL),(26,'Sandeep Parwal','OSS/IN/25049','sandeep@osscube.com','Team Leader','Technology','Special Projects','TAG','NOI','India\r\n','1','2013-08-20 14:07:49',NULL,NULL,NULL),(27,'Varun Sharma','OSS/IN/25052','varun.sharma@osscube.com','Software Quality Engineer','Engineering','ZCOE','Quality Control','NOI','India\r\n','1','2013-08-20 14:07:49',NULL,NULL,NULL),(28,'Tarun Kumar Singhal','OSS/IN/25061','tarun.singhal@osscube.com','Lead Engineer','Engineering','SugarCRM Practice','RMG-Development','NOI','India\r\n','1','2013-08-20 14:07:49',NULL,NULL,NULL),(29,'Deepak Goyal','OSS/IN/25289','deepak.goyal@osscube.com','Technical Lead','Technology','Business Enablers','TAG','NOI','India\r\n','1','2013-08-20 14:07:49',NULL,NULL,NULL),(30,'Micky Chopra','OSS/IN/25078','micky@osscube.com','Sr. Manager - Talent Acquisiti','Human Capital Management','HCM Team','Talent Acquisition','NOI','India\r\n','1','2013-08-20 14:07:49',NULL,NULL,NULL),(31,'Meenakshi Sharma','OSS/IN/25089','meenakshi@osscube.com','Sr. Executive - Talent Acquisi','Human Capital Management','HCM Team','Talent Acquisition','NOI','India\r\n','1','2013-08-20 14:07:49',NULL,NULL,NULL),(32,'Santosh Kumar Yadav','OSS/IN/25090','santosh@osscube.com','Sr. Software Engineer','Engineering','Business Enablers','Development','NOI','India\r\n','1','2013-08-20 14:07:49',NULL,NULL,NULL),(33,'Girish Pathak','OSS/IN/25101','girish@osscube.com','Sr. Software Engineer','Engineering','SugarCRM Practice','Development','NOI','India\r\n','1','2013-08-20 14:07:49',NULL,NULL,NULL),(34,'Anamika Khadwal','OSS/IN/25025','anamika@osscube.com','Sr. Software Engineer','Technology','Business Enablers','TAG','NOI','India\r\n','1','2013-08-20 14:07:49',NULL,NULL,NULL),(35,'Debraj Naik','OSS/IN/25091','debraj@osscube.com','Sr. Software Engineer','Engineering','Business Enablers','Development','NOI','India\r\n','1','2013-08-20 14:07:49',NULL,NULL,NULL),(36,'Ganesh Chandra Gupta','OSS/IN/25100','ganesh@osscube.com','Sr. Software Engineer','Engineering','SugarGini','Development','NOI','India\r\n','1','2013-08-20 14:07:49',NULL,NULL,NULL),(37,'Gaurav Tyagi','OSS/IN/25106','gaurav.tyagi@osscube.com','Sr. Software Quality Engineer','Engineering','SugarCRM Practice','Quality Control','NOI','India\r\n','1','2013-08-20 14:07:49',NULL,NULL,NULL),(38,'Rahul Bhandari','OSS/IN/25109','rahul.bhandari@osscube.com','Project Lead','Engineering','SugarCRM Practice','Development','NOI','India\r\n','1','2013-08-20 14:07:49',NULL,NULL,NULL),(39,'Sumit Saxena','OSS/IN/25112','sumit@osscube.com','Sr. Executive - Business Devel','Business Development','Sales & Marketing','Business Development - India','NOI','India\r\n','1','2013-08-20 14:07:49',NULL,NULL,NULL),(40,'Vijay Kumar Jha','OSS/IN/25113','vijay.kumar@osscube.com','QA Lead','Engineering','Drupal Practice','Quality Control','NOI','India\r\n','1','2013-08-20 14:07:49',NULL,NULL,NULL),(41,'Kuldeep Jangra','OSS/IN/25116','kuldeep.jangra@osscube.com','Team Leader','Engineering','ZCOE','Design','NOI','India\r\n','1','2013-08-20 14:07:49',NULL,NULL,NULL),(42,'Kumaresh Das','OSS/IN/25117','kumaresh@osscube.com','Sr. Executive - Business Devel','Business Development','Sales & Marketing','Business Development - India','NOI','India\r\n','1','2013-08-20 14:07:49',NULL,NULL,NULL),(43,'Nidhi Dixit','OSS/IN/25123','nidhi@osscube.com','Executive - Talent Acquisition','Human Capital Management','HCM Team','Talent Acquisition','NOI','India\r\n','1','2013-08-20 14:07:49',NULL,NULL,NULL),(44,'Ashutosh Kumar','OSS/IN/25161','ashutosh.kumar@osscube.com','Sr. Software Engineer','Engineering','ZCOE','Development','NOI','India\r\n','1','2013-08-20 14:07:49',NULL,NULL,NULL),(45,'Rohit  Sriwastva','OSS/IN/25136','rohit@osscube.com','Software Engineer','Engineering','ZCOE','Development','NOI','India\r\n','1','2013-08-20 14:07:49',NULL,NULL,NULL),(46,'Pankaj Kumar Gunwant','OSS/IN/25134','pankaj.gunwant@osscube.com','Software Engineer','Engineering','SugarCRM Practice','Development','NOI','India\r\n','1','2013-08-20 14:07:49',NULL,NULL,NULL),(47,'Mohit Kumar Gupta','OSS/IN/25133','mohit@osscube.com','Software Engineer','Engineering','SugarCRM Practice','RMG-Development','NOI','India\r\n','1','2013-08-20 14:07:49',NULL,NULL,NULL),(48,'Harjeet Singh','OSS/IN/25132','harjeet@osscube.com','Software Engineer','Engineering','SugarCRM Practice','RMG-Development','NOI','India\r\n','1','2013-08-20 14:07:49',NULL,NULL,NULL),(49,'Abdul  Manaf','OSS/IN/25130','abdul@osscube.com','Software Engineer','Technology','Database ','Database','NOI','India\r\n','1','2013-08-20 14:07:49',NULL,NULL,NULL),(50,'Ashutosh Saran Singh','OSS/IN/25141','ashutosh.saran@osscube.com','Sr. Software Engineer','Engineering','SugarCRM Practice','Development','NOI','India\r\n','1','2013-08-20 14:07:49',NULL,NULL,NULL),(51,'Satish Kumar  Gupta','OSS/IN/25142','satish@osscube.com','Sr. Software Engineer','Engineering','SugarCRM Practice','Development','NOI','India\r\n','1','2013-08-20 14:07:49',NULL,NULL,NULL),(52,'Vippan  Kumar','OSS/IN/25143','vippan@osscube.com','Technical Content Specialist','Business Development','Sales & Marketing','Marketing','NOI','India\r\n','1','2013-08-20 14:07:49',NULL,NULL,NULL),(53,'Ravi Bhushan Tiwari','OSS/IN/25145','ravi.tiwari@osscube.com','Sr. Software Engineer','Engineering','Business Enablers','Development','NOI','India\r\n','1','2013-08-20 14:07:49',NULL,NULL,NULL),(54,'Ram Awadh Prasad','OSS/IN/25148','ram.awadh@osscube.com','Sr. Solution Architect ','Engineering','SugarCRM Practice','Development','NOI','India\r\n','1','2013-08-20 14:07:49',NULL,NULL,NULL),(55,'Sumit Agarwal','OSS/IN/25151','sumit.agarwal@osscube.com','Sr. Software Quality Engineer','Engineering','Quality Assurance','Quality Control','NOI','India\r\n','1','2013-08-20 14:07:49',NULL,NULL,NULL),(56,'Soumyadip Das','OSS/IN/25154','soumyadip@osscube.com','Solution Architect','Engineering','SugarCRM Practice','Development','NOI','India\r\n','1','2013-08-20 14:07:49',NULL,NULL,NULL),(57,'Subrata Kar','OSS/IN/25156','subrata@osscube.com','Creative Lead - Visual Communi','Business Development','UI Design','Business Development - India','NOI','India\r\n','1','2013-08-20 14:07:49',NULL,NULL,NULL),(58,'Ritesh Bahuguna','OSS/IN/25157','ritesh@osscube.com','Sr. Software Quality Engineer','Engineering','Drupal Practice','Quality Control','NOI','India\r\n','1','2013-08-20 14:07:49',NULL,NULL,NULL),(59,'Anshul Srivastava','OSS/IN/25160','anshul@osscube.com','Project Manager','Engineering','ZCOE','Development','NOI','India\r\n','1','2013-08-20 14:07:49',NULL,NULL,NULL),(60,'Brij Bhushan Sharma','OSS/IN/25205','brij@osscube.com','Sr. Software Engineer','Engineering','ZCOE','Development','NOI','India\r\n','1','2013-08-20 14:07:49',NULL,NULL,NULL),(61,'Ratnesh Kumar','OSS/IN/25162','ratnesh@osscube.com','Project Lead','Engineering','Drupal Practice','Development','NOI','India\r\n','1','2013-08-20 14:07:49',NULL,NULL,NULL),(62,'Manish Kumar Singh','OSS/IN/25164','manish.singh@osscube.com','Lead Engineer','Engineering','ZCOE','Development','NOI','India\r\n','1','2013-08-20 14:07:49',NULL,NULL,NULL),(63,'Abhinav   Prakash Tiwari','OSS/IN/25166','abhinav@osscube.com','Sr. Software Engineer','Engineering','ZCOE','Development','NOI','India\r\n','1','2013-08-20 14:07:49',NULL,NULL,NULL),(64,'Bhupendra Singh','OSS/IN/25167','bhupendra@osscube.com','Lead Engineer','Engineering','Drupal Practice','Development','NOI','India\r\n','1','2013-08-20 14:07:49',NULL,NULL,NULL),(65,'Deepak Bhardwaj','OSS/IN/25171','deepak.bhardwaj@osscube.com','Software Engineer','Engineering','Drupal Practice','Development','NOI','India\r\n','1','2013-08-20 14:07:49',NULL,NULL,NULL),(66,'Abhishek Kumar','OSS/IN/25173','abhishek@osscube.com','Software Engineer','Engineering','SugarCRM Practice','Development','NOI','India\r\n','1','2013-08-20 14:07:49',NULL,NULL,NULL),(67,'Amiya Madhab Majumdar','OSS/IN/25175','amiya@osscube.com','Project Manager','Engineering','SugarCRM Practice','Development','NOI','India\r\n','1','2013-08-20 14:07:49',NULL,NULL,NULL),(68,'Pawan Kumar Mishra','OSS/IN/25177','pawan@osscube.com','Sr. Software Engineer','Engineering','ZCOE','Development','NOI','India\r\n','1','2013-08-20 14:07:49',NULL,NULL,NULL),(69,'Brajendra Kumar Singh','OSS/IN/25178','brajendra@osscube.com','Lead Engineer','Engineering','Drupal Practice','Development','NOI','India\r\n','1','2013-08-20 14:07:49',NULL,NULL,NULL),(70,'Sudhanshu Kumar  Singh','OSS/IN/25179','sudhanshu@osscube.com','Lead Engineer','Engineering','Drupal Practice','Development','NOI','India\r\n','1','2013-08-20 14:07:49',NULL,NULL,NULL),(71,'Shivendu Kumar Ray','OSS/IN/25182','shivendu@osscube.com','Sr. Software Engineer','Engineering','Drupal Practice','Development','NOI','India\r\n','1','2013-08-20 14:07:49',NULL,NULL,NULL),(72,'Pankaj Chauhan','OSS/IN/25180','pankaj.chauhan@osscube.com','Sr. Software Engineer','Engineering','Drupal Practice','Development','NOI','India\r\n','1','2013-08-20 14:07:49',NULL,NULL,NULL),(73,'Hirak Chattopadhaya','OSS/IN/25185','hirak@osscube.com','Software Engineer','Engineering','SugarCRM Practice','Development','NOI','India\r\n','1','2013-08-20 14:07:49',NULL,NULL,NULL),(74,'Shailendra Gupta','OSS/IN/25210','shailendra.gupta@osscube.com','Project Manager','Engineering','Drupal Practice','Development','NOI','India\r\n','1','2013-08-20 14:07:49',NULL,NULL,NULL),(75,'Amit Kumar Maheshwari','OSS/IN/25211','amit.maheshwari@osscube.com','Sr. Software Engineer','Engineering','Drupal Practice','Development','NOI','India\r\n','1','2013-08-20 14:07:49',NULL,NULL,NULL),(76,'Niraj Kumar','OSS/IN/25216','niraj@osscube.com','Software Quality Engineer','Engineering','Business Enablers','Quality Control','NOI','India\r\n','1','2013-08-20 14:07:49',NULL,NULL,NULL),(77,'Utsab Chatterjee','OSS/IN/25229','utsab@osscube.com','Software Engineer','Engineering','SugarCRM Practice','Development','NOI','India\r\n','1','2013-08-20 14:07:49',NULL,NULL,NULL),(78,'Abhijeet Singh Kalsi','OSS/IN/25230','abhijeet@osscube.com','Software Engineer','Engineering','Drupal Practice','Development','NOI','India\r\n','1','2013-08-20 14:07:49',NULL,NULL,NULL),(79,'Gauravjeet Singh Pahuja',' OSS/IN/25224','gauravjeet@osscube.com','Software Engineer','Engineering','Drupal Practice','Development','NOI','India\r\n','1','2013-08-20 14:07:49',NULL,NULL,NULL),(80,'Mayank  Kukreti','OSS/IN/25228','mayank@osscube.com','Software Engineer','Engineering','SugarCRM Practice','RMG-Development','NOI','India\r\n','1','2013-08-20 14:07:49',NULL,NULL,NULL),(81,'Yogesh  Ballani','OSS/IN/25225','yogesh@osscube.com','Software Engineer','Technology','Special Projects','Database','NOI','India\r\n','1','2013-08-20 14:07:49',NULL,NULL,NULL),(82,'Garima Chowrasia','OSS/IN/25227','garima@osscube.com','Software Engineer','Engineering','ZCOE','Development','NOI','India\r\n','1','2013-08-20 14:07:49',NULL,NULL,NULL),(83,'Anand Shankar Bahuguna','OSS/IN/25223','anand@osscube.com',' Software Engineer','Engineering','Business Enablers','Development','NOI','India\r\n','1','2013-08-20 14:07:49',NULL,NULL,NULL),(84,'Abhik  Ghosal','OSS/IN/25220','abhik@osscube.com','Software Engineer','Engineering','SugarCRM Practice','RMG-Development','NOI','India\r\n','1','2013-08-20 14:07:49',NULL,NULL,NULL),(85,'Prateek Gera','OSS/IN/25222','prateek@osscube.com','Software Engineer','Engineering','SugarCRM Practice','Development','NOI','India\r\n','1','2013-08-20 14:07:49',NULL,NULL,NULL),(86,'Manish Kumar','OSS/IN/25232','manishkumar@osscube.com','Sr. Executive - Internet Resea','Business Development','Sales & Marketing','Marketing','NOI','India\r\n','1','2013-08-20 14:07:49',NULL,NULL,NULL),(87,'Sanjeev Sinha','OSS/IN/25233','sanjeev.sinha@osscube.com','Sr. Software Quality Engineer','Technology','Business Enablers','TAG','NOI','India\r\n','1','2013-08-20 14:07:49',NULL,NULL,NULL),(88,'Nidhi Sahni','OSS/IN/25234','nidhi.sahni@osscube.com','Sr. Content Editor','Business Development','Sales & Marketing','Marketing','NOI','India\r\n','1','2013-08-20 14:07:49',NULL,NULL,NULL),(89,'Vaibhav Singh','OSS/IN/25235','vaibhav@osscube.com','Sr. Software Quality Engineer','Engineering','SugarCRM Practice','Quality Control','NOI','India\r\n','1','2013-08-20 14:07:49',NULL,NULL,NULL),(90,'Neha Saraswat','OSS/IN/25236','neha@osscube.com','Executive - Talent Acquisition','Human Capital Management','HCM Team','Talent Acquisition','NOI','India\r\n','1','2013-08-20 14:07:49',NULL,NULL,NULL),(91,'Digvijay Jain','OSS/IN/25237','digvijay@osscube.com','Project Manager','Engineering','ZCOE','Development','NOI','India\r\n','1','2013-08-20 14:07:49',NULL,NULL,NULL),(92,'Tripti  Jain','OSS/IN/25299','tripti.jain@osscube.com','Senior Process Analyst','QMS','Business Enablers','SEPG','NOI','India\r\n','1','2013-08-20 14:07:49',NULL,NULL,NULL),(93,'Vineet  Rana','OSS/IN/25239    ','rana.vineet@osscube.com','Executive - Business Developme','Business Development','Sales & Marketing','Business Development - India','NOI','India\r\n','1','2013-08-20 14:07:49',NULL,NULL,NULL),(94,'Mahima Khanna','OSS/IN/25241','mahima@osscube.com','Front Office Executive','Human Capital Management','HCM Team','Administration','NOI','India\r\n','1','2013-08-20 14:07:49',NULL,NULL,NULL),(95,'Jaiprakash Singh Chauhan','OSS/IN/25242','jaiprakash@osscube.com','Database Administrator','Technology','Special Projects','Database','NOI','India\r\n','1','2013-08-20 14:07:49',NULL,NULL,NULL),(96,'Devraj Singh','OSS/IN/25243','devraj.singh@osscube.com','Sr. Software Quality Engineer','Engineering','SugarCRM Practice','Quality Control','NOI','India\r\n','1','2013-08-20 14:07:49',NULL,NULL,NULL),(97,'Subhashish  Mandal','OSS/IN/25247','subhashish@osscube.com','Project Lead','Engineering','ZCOE','Development','NOI','India\r\n','1','2013-08-20 14:07:49',NULL,NULL,NULL),(98,'Pradeep Kumar Singh','OSS/IN/25244','pradeep.singh@osscube.com','Sr. Software Engineer','Engineering','ZCOE','Development','NOI','India\r\n','1','2013-08-20 14:07:49',NULL,NULL,NULL),(99,'Hemant Kumar','OSS/IN/25245','hemant@osscube.com','Software Engineer','Engineering','ZCOE','Development','NOI','India\r\n','1','2013-08-20 14:07:49',NULL,NULL,NULL),(100,'Rahul Rastogi','OSS/IN/25246','rahul.rastogi@osscube.com','Account Manager - SugarCRM','Engineering','PreSales Team','Development','NOI','India\r\n','1','2013-08-20 14:07:49',NULL,NULL,NULL),(101,'Rahul  Singh','OSS/IN/25248','rahul.singh@osscube.com','Team Lead - SEO','Business Development','Sales & Marketing','Business Development - India','NOI','India\r\n','1','2013-08-20 14:07:49',NULL,NULL,NULL),(102,'Amit Ranjan','OSS/IN/25251','amit.ranjan@osscube.com','Project Manager','Engineering','Drupal Practice','Development','NOI','India\r\n','1','2013-08-20 14:07:49',NULL,NULL,NULL),(103,'Basudeba  Rath','OSS/IN/25253','basudeba@osscube.com','Software Engineer','Engineering','SugarCRM Practice','RMG-Development','NOI','India\r\n','1','2013-08-20 14:07:49',NULL,NULL,NULL),(104,'Maninder  Bali','OSS/IN/25254','maninder@osscube.com','Software Engineer','Engineering','ZCOE','Development','NOI','India\r\n','1','2013-08-20 14:07:49',NULL,NULL,NULL),(105,'Sachin Khurana','OSS/IN/25259','sachin.khurana@osscube.com','General Manager - HCM','Human Capital Management','HCM Team','Business Partner','NOI','India\r\n','1','2013-08-20 14:07:49',NULL,NULL,NULL),(106,'Brijesh Kumar Mishra','OSS/IN/25257','brijesh.mishra@osscube.com','Project Lead','Engineering','ZCOE','Development','NOI','India\r\n','1','2013-08-20 14:07:49',NULL,NULL,NULL),(107,'Deepak  Kumar','OSS/IN/25258','deepak.kumar@osscube.com','Sr. Software Engineer','Engineering','ZCOE','Development','NOI','India\r\n','1','2013-08-20 14:07:49',NULL,NULL,NULL),(108,'Kaushal  Kishore','OSS/IN/25256','kaushal@osscube.com','Sr. Software Engineer','Engineering','Business Enablers','Development','NOI','India\r\n','1','2013-08-20 14:07:49',NULL,NULL,NULL),(109,'Mahesh Kumar Singh','OSS/IN/25260','mahesh.singh@osscube.com','Sr. Software Engineer','Engineering','SugarCRM Practice','RMG-Development','NOI','India\r\n','1','2013-08-20 14:07:49',NULL,NULL,NULL),(110,'Naveen  Kumar','OSS/IN/25262','naveen.kumar@osscube.com','Software Engineer','Engineering','ZCOE','Development','NOI','India\r\n','1','2013-08-20 14:07:49',NULL,NULL,NULL),(111,'Bikas Kumar  Jha','OSS/IN/25263','bikas@osscube.com','Project Lead','Engineering','ZCOE','Development','NOI','India\r\n','1','2013-08-20 14:07:49',NULL,NULL,NULL),(112,'Vibhor  Agarwal','OSS/IN/25264','vibhor@osscube.com','Software Quality Engineer','Engineering','ZCOE','Quality Control','NOI','India\r\n','1','2013-08-20 14:07:49',NULL,NULL,NULL),(113,'Saurabh Bhargawa','OSS/IN/25265','saurabh.bhargava@osscube.com','Sr. Project Manager','Engineering','PMO','Engineering Management','NOI','India\r\n','1','2013-08-20 14:07:49',NULL,NULL,NULL),(114,'Rajesh  Saini','OSS/IN/25266','rajesh@osscube.com','Sr. Software Engineer','Engineering','Drupal Practice','Development','NOI','India\r\n','1','2013-08-20 14:07:49',NULL,NULL,NULL),(115,'Atul Kumar  Sharma','OSS/IN/25267','atul@osscube.com','Sr. Software Engineer','Engineering','Drupal Practice','Development','NOI','India\r\n','1','2013-08-20 14:07:49',NULL,NULL,NULL),(116,'Adarsh Kumar  Srivastava','OSS/IN/25268','adarsh@osscube.com','Sr. Software Engineer','Engineering','SugarCRM Practice','Development','NOI','India\r\n','1','2013-08-20 14:07:49',NULL,NULL,NULL),(117,'Radhey  Shyam','OSS/IN/25269','radhey@osscube.com','Sr. Software Engineer','Engineering','Drupal Practice','Development','NOI','India\r\n','1','2013-08-20 14:07:49',NULL,NULL,NULL),(118,'Lalit Kumar Singh Bhadauriya','OSS/IN/25270','lalit.Bhadauriya@osscube.com','Software Engineer','Engineering','ZCOE','Development','NOI','India\r\n','1','2013-08-20 14:07:49',NULL,NULL,NULL),(119,'Mayank  Garg','OSS/IN/25271','mayank.garg@osscube.com','Software Quality Engineer','Engineering','ZCOE','Quality Control','NOI','India\r\n','1','2013-08-20 14:07:49',NULL,NULL,NULL),(120,'Soumi Ghosh','OSS/IN/25272','soumi@osscube.com','Software Quality Engineer','Engineering','ZCOE','Quality Control','NOI','India\r\n','1','2013-08-20 14:07:49',NULL,NULL,NULL),(121,'Vinod Kumar  Maurya','OSS/IN/25274','vinod@osscube.com','Lead Engineer','Engineering','Business Enablers','RMG-Development','NOI','India\r\n','1','2013-08-20 14:07:49',NULL,NULL,NULL),(122,'Yugant Khokhar','OSS/IN/25276','yugant@osscube.com','Sr. Software Engineer','Engineering','ZCOE','Development','NOI','India\r\n','1','2013-08-20 14:07:49',NULL,NULL,NULL),(123,'Chetan Prakash Sharma','OSS/IN/25275','chetan@osscube.com','Project Lead','Technology','ZCOE','TAG','NOI','India\r\n','1','2013-08-20 14:07:49',NULL,NULL,NULL),(124,'Krishna Chandra Mishra','OSS/IN/25280','krishna.mishra@osscube.com','Sr. Software Engineer','Engineering','Drupal Practice','Development','NOI','India\r\n','1','2013-08-20 14:07:49',NULL,NULL,NULL),(125,'Jugraj Singh Bedi','OSS/IN/25279','jugraj@osscube.com','Controller of Finance','Finance','Finance Team','Finance','NOI','India\r\n','1','2013-08-20 14:07:49',NULL,NULL,NULL),(126,'Narendra  Singh','OSS/IN/25285','narender@osscube.com','Software Quality Engineer','Engineering','SugarCRM Practice','Quality Control','NOI','India\r\n','1','2013-08-20 14:07:49',NULL,NULL,NULL),(127,'Arvind Singh','OSS/IN/25286','arvind.singh@osscube.com','Sr. Software Engineer','Engineering','ZCOE','Development','NOI','India\r\n','1','2013-08-20 14:07:49',NULL,NULL,NULL),(128,'Priyanka Saxena','OSS/IN/25290','priyanka.saxena@osscube.com','Software Quality Engineer','Engineering','SugarCRM Practice','Quality Control','NOI','India\r\n','1','2013-08-20 14:07:49',NULL,NULL,NULL),(129,'Deepak Kumar Gupta','OSS/IN/25291','deepak.gupta@osscube.com','Lead Engineer','Engineering','ZCOE','Development','NOI','India\r\n','1','2013-08-20 14:07:49',NULL,NULL,NULL),(130,'Nayan Dawar',' OSS/IN/25292','nayan@osscube.com','Sr. Executive - Talent Acquisi','Human Capital Management','HCM Team','Talent Acquisition','NOI','India\r\n','1','2013-08-20 14:07:49',NULL,NULL,NULL),(131,'Arti Koul','OSS/IN/25295','arti.koul@osscube.com','Sr. Technical Writer','Engineering','ZCOE','Development','NOI','India\r\n','1','2013-08-20 14:07:49',NULL,NULL,NULL),(132,'Mayanka  Fuloria','OSS/IN/25296','mayanka@osscube.com','Sr. Executive - HCM','Human Capital Management','HCM Team','Business Partner','NOI','India\r\n','1','2013-08-20 14:07:49',NULL,NULL,NULL),(133,'Tilak Raj','OSS/IN/25297','tilak.raj@osscube.com','Project Manager','Engineering','ZCOE','Development','NOI','India\r\n','1','2013-08-20 14:07:49',NULL,NULL,NULL),(134,'Rohit Kumar','OSS/IN/25298','rohit.kumar@osscube.com','Sr. Software Engineer','Engineering','ZCOE','Development','NOI','India\r\n','1','2013-08-20 14:07:49',NULL,NULL,NULL),(135,'Amber  Sharma','OSS/IN/25301','amber.sharma@osscube.com','Software Engineer','Engineering','SugarCRM Practice','RMG-Development','NOI','India\r\n','1','2013-08-20 14:07:49',NULL,NULL,NULL),(136,'Debanshu Kar','OSS/IN/25302','debanshu.kar@osscube.com','Software Engineer','Engineering','SugarCRM Practice','RMG-Development','NOI','India\r\n','1','2013-08-20 14:07:49',NULL,NULL,NULL),(137,'Abhishek Arora','OSS/IN/25326','abhishek.arora@osscube.com','Software Engineer ','Engineering','Drupal Practice','RMG-Development','NOI','India\r\n','1','2013-08-20 14:07:49',NULL,NULL,NULL),(138,'Chandan Kumar','OSS/IN/25304','chandan.kumar@osscube.com','Software Engineer ','Engineering','ZCOE','RMG-Development','NOI','India\r\n','1','2013-08-20 14:07:49',NULL,NULL,NULL),(139,'Mohit  Gupta','OSS/IN/25305','mohit.gupta@osscube.com','Software Engineer','Engineering','ZCOE','RMG-Development','NOI','India\r\n','1','2013-08-20 14:07:49',NULL,NULL,NULL),(140,'Gaurav Kumar  Sharma','OSS/IN/25308','gaurav.sharma@osscube.com','Software Engineer','Engineering','SugarGini','RMG-Development','NOI','India\r\n','1','2013-08-20 14:07:49',NULL,NULL,NULL),(141,'Anirudh  Pandita','OSS/IN/25309','anirudh.pandita@osscube.com','Software Engineer','Engineering','SugarCRM Practice','RMG-Development','NOI','India\r\n','1','2013-08-20 14:07:49',NULL,NULL,NULL),(142,'Anil Kumar','OSS/IN/25312','anil.kumar@osscube.com','Software Engineer','Engineering','ZCOE','RMG-QC','NOI','India\r\n','1','2013-08-20 14:07:49',NULL,NULL,NULL),(143,'Keshi Chander  Yadav','OSS/IN/25314','keshi.chander@osscube.com','Software Engineer ','Engineering','SugarCRM Practice','RMG-Development','NOI','India\r\n','1','2013-08-20 14:07:49',NULL,NULL,NULL),(144,'Avani Jain','OSS/IN/25315','avni.jain@osscube.com','Software Engineer ','Engineering','SugarGini','RMG-Development','NOI','India\r\n','1','2013-08-20 14:07:49',NULL,NULL,NULL),(145,'Prateek Saini','OSS/IN/25316','prateek.saini@osscube.com','Software Engineer ','Engineering','SugarGini','RMG-Development','NOI','India\r\n','1','2013-08-20 14:07:49',NULL,NULL,NULL),(146,'Rahul  Ramachandran','OSS/IN/25336','rahul.ramachandran@osscube.com','Software Engineer ','Engineering','SugarGini','RMG-Development','NOI','India\r\n','1','2013-08-20 14:07:49',NULL,NULL,NULL),(147,'Suraj Pal Singh  Rawat','OSS/IN/25337','suraj.singh@osscube.com','Software Engineer ','Engineering','UI Design','Design','NOI','India\r\n','1','2013-08-20 14:07:49',NULL,NULL,NULL),(148,'Saurabh Agarwal','OSS/IN/25329','saurabh.agarwal@osscube.com','Software Engineer ','Engineering','Drupal Practice','RMG-Development','NOI','India\r\n','1','2013-08-20 14:07:49',NULL,NULL,NULL),(149,'Sigma Das','OSS/IN/25344','sigma.dash@osscube.com','Process Analyst','QMS','Business Enablers','SEPG','NOI','India\r\n','1','2013-08-20 14:07:49',NULL,NULL,NULL),(150,'Kawaljeet  Singh','OSS/IN/25320','kawaljeet.singh@osscube.com','Software Engineer','Engineering','Drupal Practice','RMG-Development','NOI','India\r\n','1','2013-08-20 14:07:49',NULL,NULL,NULL),(151,'Nancy  Mehta','OSS/IN/25321','nancy.mehta@osscube.com','Software Engineer ','Engineering','ZCOE','RMG-Development','NOI','India\r\n','1','2013-08-20 14:07:49',NULL,NULL,NULL),(152,'Ashwani  Singh','OSS/IN/25322','ashwani.singh@osscube.com','Software Engineer ','Engineering','SugarCRM Practice','RMG-Development','NOI','India\r\n','1','2013-08-20 14:07:49',NULL,NULL,NULL),(153,'Shashank  Verma','OSS/IN/25323','shashank.verma@osscube.com','Software Engineer ','Engineering','SugarCRM Practice','RMG-Development','NOI','India\r\n','1','2013-08-20 14:07:49',NULL,NULL,NULL),(154,'Megha  Sahni','OSS/IN/25324','megha.sahni@osscube.com','Software Engineer','Engineering','SugarGini','RMG-QC','NOI','India\r\n','1','2013-08-20 14:07:49',NULL,NULL,NULL),(155,'Amitesh  Bharti','OSS/IN/25327','amitesh.bharti@osscube.com','Software Engineer','Engineering','SugarCRM Practice','RMG-Development','NOI','India\r\n','1','2013-08-20 14:07:49',NULL,NULL,NULL),(156,'Pankaj Kumar  Yadav','OSS/IN/25328','pankaj.yadav@osscube.com','Software Engineer ','Engineering','ZCOE','RMG-Development','NOI','India\r\n','1','2013-08-20 14:07:49',NULL,NULL,NULL),(157,'Siddarth Chowdhary','OSS/IN/25330','siddarth.chowdhary@osscube.com','Software Engineer','Engineering','SugarGini','RMG-Development','NOI','India\r\n','1','2013-08-20 14:07:49',NULL,NULL,NULL),(158,'Jasleen Kaur','OSS/IN/25331','jasleen.kaur@osscube.com','Software Engineer ','Engineering','Drupal Practice','RMG-Development','NOI','India\r\n','1','2013-08-20 14:07:49',NULL,NULL,NULL),(159,'Parveen  Badoni','OSS/IN/25332','parveen.badoni@osscube.com','Software Engineer ','Engineering','SugarCRM Practice','RMG-Development','NOI','India\r\n','1','2013-08-20 14:07:49',NULL,NULL,NULL),(160,'Ankit  Purohit','OSS/IN/25333','ankit.purohit@osscube.com','Software Engineer ','Engineering','SugarCRM Practice','RMG-Development','NOI','India\r\n','1','2013-08-20 14:07:49',NULL,NULL,NULL),(161,'Bhanu Gil','OSS/IN/25334','bhanu.gill@osscube.com','Software Engineer','Engineering','ZCOE','RMG-QC','NOI','India\r\n','1','2013-08-20 14:07:49',NULL,NULL,NULL),(162,'Gourav  Khanna','OSS/IN/25335','gourav.khanna@osscube.com','Software Engineer','Engineering','ZCOE','RMG-Development','NOI','India\r\n','1','2013-08-20 14:07:49',NULL,NULL,NULL),(163,'Gaurav  Suman','OSS/IN/25341','gaurav.suman@osscube.com','Software Engineer ','Engineering','SugarCRM Practice','RMG-Development','NOI','India\r\n','1','2013-08-20 14:07:49',NULL,NULL,NULL),(164,'Sanchit  Puri','OSS/IN/25317','sanchit.puri@osscube.com','Software Engineer ','Engineering','ZCOE','RMG-Development','NOI','India\r\n','1','2013-08-20 14:07:49',NULL,NULL,NULL),(165,'Ramandeep Singh  Mann','OSS/IN/25318','ramandeep.singh@osscube.com','Software Engineer ','Engineering','ZCOE','RMG-Development','NOI','India\r\n','1','2013-08-20 14:07:49',NULL,NULL,NULL),(166,'Gaurav  Vashishtha','OSS/IN/25345','gaurav.vashishtha@osscube.com','Software Engineer','Engineering','SugarCRM Practice','RMG-Development','NOI','India\r\n','1','2013-08-20 14:07:49',NULL,NULL,NULL),(167,'Deepti  Dubey','OSS/IN/25349','deepti@osscube.com','Enabling Manager','Human Capital Management','HCM Team','Administration','NOI','India\r\n','1','2013-08-20 14:07:49',NULL,NULL,NULL),(168,'Vikas Kumar','OSS/IN/25203','vikas@osscube.com','Maintenance Supervisor','Human Capital Management','HCM Team','Administration','NOI','India\r\n','1','2013-08-20 14:07:49',NULL,NULL,NULL),(169,'Anurag  Dutt','OSS/IN/25353','anurag.dutt@osscube.com','Manager - Business Developemen','Business Development','Sales & Marketing','Business Development - India','NOI','India\r\n','1','2013-08-20 14:07:49',NULL,NULL,NULL),(170,'Adil Rauf Khan','OSS/IN/25352 ','adil.khan@osscube.com','Project Lead','Engineering','ZCOE','Development','NOI','India\r\n','1','2013-08-20 14:07:49',NULL,NULL,NULL),(171,'Neha Sinha','OSS/IN/25354','neha.sinha@osscube.com','Manager - HCM ','Human Capital Management','HCM Team','Business Partner','NOI','India\r\n','1','2013-08-20 14:07:49',NULL,NULL,NULL),(172,'Mohd  Adnan','OSS/IN/25357','adnan@osscube.com','Sr. Software Quality Engineer','Engineering','ZCOE','Quality Control','NOI','India\r\n','1','2013-08-20 14:07:49',NULL,NULL,NULL),(173,'Atul Aggarwal','OSS/IN/25358 ','atul.aggarwal@osscube.com','Manager- Business Development','Business Development','Sales & Marketing','Business Development - India','NOI','India\r\n','1','2013-08-20 14:07:49',NULL,NULL,NULL),(174,'Aman Grover','OSS/IN/25359','aman.grover@osscube.com','Program Manager- Enterprise Mo','Engineering','Mobile Team','Engineering Management','NOI','India\r\n','1','2013-08-20 14:07:49',NULL,NULL,NULL),(175,'Vinod Rohilla','OSS/IN/25365','vinod.rohilla@osscube.com','Sr. Software Quality Engineer','Engineering','ZCOE','Quality Control','NOI','India\r\n','1','2013-08-20 14:07:49',NULL,NULL,NULL),(176,'Divya Gupta','OSS/IN/25364','divya.gupta@osscube.com','Software Engineer Trainee','Engineering','Software Trainee','Development','NOI','India\r\n','1','2013-08-20 14:07:49',NULL,NULL,NULL),(177,'Puneet  Khare','OSS/IN/25367 ','puneet.khare@osscube.com','Software Engineer Trainee','Engineering','Software Trainee','Development','NOI','India\r\n','1','2013-08-20 14:07:49',NULL,NULL,NULL),(178,'Sharad Chauhan','OSS/IN/25368  ','sharad.chauhan@osscube.com','Project Lead - QA','Engineering','ZCOE','Quality Control','NOI','India\r\n','1','2013-08-20 14:07:49',NULL,NULL,NULL),(179,'Saurabh Madan','OSS/IN/25369  ','saurabh.madan@osscube.com','Online Marketing - Manager','Business Development','Business Enablers','Marketing','NOI','India\r\n','1','2013-08-20 14:07:49',NULL,NULL,NULL),(180,'Kishore Kumar Sharma','OSS/IN/25371','kishore.sharma@osscube.com','QA Lead','Engineering','SugarCRM Practice','Quality Control','NOI','India\r\n','1','2013-08-20 14:07:49',NULL,NULL,NULL),(181,'Rajat Lal','OSS/IN/25372','rajat.lal@osscube.com','Vice President - Sales','Business Development','Sales & Marketing','Business Development - India','NOI','India\r\n','1','2013-08-20 14:07:49',NULL,NULL,NULL),(182,'Amit Yougesh Tugnait','OSS/IN/25374','amit.tugnait@osscube.com','Project Manager','Engineering','SugarCRM Practice','Development','NOI','India\r\n','1','2013-08-20 14:07:49',NULL,NULL,NULL),(183,'Sujoy Mukherjee','OSS/IN/25373','sujoy@osscube.com','Vice President - Delivery','Engineering','ZCOE','Engineering Management','NOI','India\r\n','1','2013-08-20 14:07:49',NULL,NULL,NULL);
/*!40000 ALTER TABLE `employee` ENABLE KEYS */;
UNLOCK TABLES;

--
-- Table structure for table `employee_old`
--

DROP TABLE IF EXISTS `employee_old`;
/*!40101 SET @saved_cs_client     = @@character_set_client */;
/*!40101 SET character_set_client = utf8 */;
CREATE TABLE `employee_old` (
  `id` int(5) unsigned NOT NULL AUTO_INCREMENT COMMENT 'THIS WILL BE AUTO GENERATED UNIQUE ID',
  `name` varchar(30) COLLATE utf8_unicode_ci DEFAULT NULL COMMENT 'Name of Employee',
  `designation` varchar(30) COLLATE utf8_unicode_ci DEFAULT NULL COMMENT 'Designation of Employee',
  `department` varchar(30) COLLATE utf8_unicode_ci DEFAULT NULL COMMENT 'Department of Employee',
  `details` text COLLATE utf8_unicode_ci NOT NULL COMMENT 'DESCRIPTION OF Employee',
  `user_image` blob COMMENT 'User Image will be stored',
  `status` enum('0','1') COLLATE utf8_unicode_ci NOT NULL DEFAULT '1' COMMENT 'status 1:Active,0:Deleted',
  `created_on` timestamp NOT NULL DEFAULT CURRENT_TIMESTAMP COMMENT 'Time of login creation ',
  `updated_on` datetime DEFAULT NULL COMMENT 'Time of updation',
  `email_id` varchar(30) COLLATE utf8_unicode_ci DEFAULT NULL COMMENT 'employee email id',
  PRIMARY KEY (`id`)
) ENGINE=InnoDB AUTO_INCREMENT=273 DEFAULT CHARSET=utf8 COLLATE=utf8_unicode_ci;
/*!40101 SET character_set_client = @saved_cs_client */;

--
-- Dumping data for table `employee_old`
--

LOCK TABLES `employee_old` WRITE;
/*!40000 ALTER TABLE `employee_old` DISABLE KEYS */;
INSERT INTO `employee_old` VALUES (1,'Abbas Y. Dhuliawala','designation','department','some details will be inserted for this employee',NULL,'1','2013-08-01 12:11:45','0000-00-00 00:00:00',NULL),(2,'Abdul Manaf','designation','department','some details will be inserted for this employee',NULL,'1','2013-08-01 12:11:45','0000-00-00 00:00:00',NULL),(3,'Abhijeet Kalsi','designation','department','some details will be inserted for this employee',NULL,'1','2013-08-01 12:11:45','0000-00-00 00:00:00',NULL),(4,'Abhik Ghosal','designation','department','some details will be inserted for this employee',NULL,'1','2013-08-01 12:11:45','0000-00-00 00:00:00',NULL),(5,'Abhinav Prakash  Tiwari','designation','department','some details will be inserted for this employee',NULL,'1','2013-08-01 12:11:45','0000-00-00 00:00:00',NULL),(6,'Abhishek Kumar','designation','department','some details will be inserted for this employee',NULL,'1','2013-08-01 12:11:45','0000-00-00 00:00:00',NULL),(7,'Abhishek  Arora','designation','department','some details will be inserted for this employee',NULL,'1','2013-08-01 12:11:45','0000-00-00 00:00:00',NULL),(8,'Adarsh Kumar Srivastava','designation','department','some details will be inserted for this employee',NULL,'1','2013-08-01 12:11:45','0000-00-00 00:00:00',NULL),(9,'Adil Rauf Khan','designation','department','some details will be inserted for this employee',NULL,'1','2013-08-01 12:11:45','0000-00-00 00:00:00',NULL),(10,'Ajay Kumar  Shukla','designation','department','some details will be inserted for this employee',NULL,'1','2013-08-01 12:11:45','0000-00-00 00:00:00',NULL),(11,'Aman  Kakkar','designation','department','some details will be inserted for this employee',NULL,'1','2013-08-01 12:11:45','0000-00-00 00:00:00',NULL),(12,'Aman  Grover','designation','department','some details will be inserted for this employee',NULL,'1','2013-08-01 12:11:48','0000-00-00 00:00:00',NULL),(13,'Amarjeet Kumar','designation','department','some details will be inserted for this employee',NULL,'1','2013-08-01 12:12:04','0000-00-00 00:00:00',NULL),(14,'Amber Sharma','designation','department','some details will be inserted for this employee',NULL,'1','2013-08-01 12:12:04','0000-00-00 00:00:00',NULL),(15,'Amit  Ranjan','designation','department','some details will be inserted for this employee',NULL,'1','2013-08-01 12:12:04','0000-00-00 00:00:00',NULL),(16,'Amit Kumar  Maheshwari','designation','department','some details will be inserted for this employee',NULL,'1','2013-08-01 12:12:04','0000-00-00 00:00:00',NULL),(17,'Amitesh Bharti','designation','department','some details will be inserted for this employee',NULL,'1','2013-08-01 12:12:04','0000-00-00 00:00:00',NULL),(18,'Amiya Madhab  Majumdar','designation','department','some details will be inserted for this employee',NULL,'1','2013-08-01 12:12:04','0000-00-00 00:00:00',NULL),(19,'Amol  Salvi','designation','department','some details will be inserted for this employee',NULL,'1','2013-08-01 12:12:04','0000-00-00 00:00:00',NULL),(20,'Anand Shankar  Bahuguna','designation','department','some details will be inserted for this employee',NULL,'1','2013-08-01 12:12:04','0000-00-00 00:00:00',NULL),(21,'Anil Kumar','designation','department','some details will be inserted for this employee',NULL,'1','2013-08-01 12:12:04','0000-00-00 00:00:00',NULL),(22,'Animesh Kumar','designation','department','some details will be inserted for this employee',NULL,'1','2013-08-01 12:12:04','0000-00-00 00:00:00',NULL),(23,'Anirudh Sood','designation','department','some details will be inserted for this employee',NULL,'1','2013-08-01 12:12:04','0000-00-00 00:00:00',NULL),(24,'Anirudh Pandita','designation','department','some details will be inserted for this employee',NULL,'1','2013-08-01 12:12:04','0000-00-00 00:00:00',NULL),(25,'Anju Dubey','designation','department','some details will be inserted for this employee',NULL,'1','2013-08-01 12:12:04','0000-00-00 00:00:00',NULL),(26,'Ankit Purohit','designation','department','some details will be inserted for this employee',NULL,'1','2013-08-01 12:12:04','0000-00-00 00:00:00',NULL),(27,'Ankit  Shukla','designation','department','some details will be inserted for this employee',NULL,'1','2013-08-01 12:12:04','0000-00-00 00:00:00',NULL),(28,'Ankur Kumar Aeran','designation','department','some details will be inserted for this employee',NULL,'1','2013-08-01 12:12:04','0000-00-00 00:00:00',NULL),(29,'Anshul  Srivastava','designation','department','some details will be inserted for this employee',NULL,'1','2013-08-01 12:12:04','0000-00-00 00:00:00',NULL),(30,'Anuj Maheshwari','designation','department','some details will be inserted for this employee',NULL,'1','2013-08-01 12:12:04','0000-00-00 00:00:00',NULL),(31,'Anurag Dutt','designation','department','some details will be inserted for this employee',NULL,'1','2013-08-01 12:12:06','0000-00-00 00:00:00',NULL),(32,'Anuresh Kumar  Ravi','designation','department','some details will be inserted for this employee',NULL,'1','2013-08-01 12:13:11','0000-00-00 00:00:00',NULL),(33,'Arinder Singh Suri','designation','department','some details will be inserted for this employee',NULL,'1','2013-08-01 12:13:11','0000-00-00 00:00:00',NULL),(34,'Arpit Goyal','designation','department','some details will be inserted for this employee',NULL,'1','2013-08-01 12:13:11','0000-00-00 00:00:00',NULL),(35,'Arti  Koul','designation','department','some details will be inserted for this employee',NULL,'1','2013-08-01 12:13:11','0000-00-00 00:00:00',NULL),(36,'Arunag Arora','designation','department','some details will be inserted for this employee',NULL,'1','2013-08-01 12:13:11','0000-00-00 00:00:00',NULL),(37,'Arunesh  Beri','designation','department','some details will be inserted for this employee',NULL,'1','2013-08-01 12:13:11','0000-00-00 00:00:00',NULL),(38,'Arvind Singh','designation','department','some details will be inserted for this employee',NULL,'1','2013-08-01 12:13:11','0000-00-00 00:00:00',NULL),(39,'Ashish  Prasad','designation','department','some details will be inserted for this employee',NULL,'1','2013-08-01 12:13:11','0000-00-00 00:00:00',NULL),(40,'Ashutosh Jha','designation','department','some details will be inserted for this employee',NULL,'1','2013-08-01 12:13:11','0000-00-00 00:00:00',NULL),(41,'Ashutosh  Kumar','designation','department','some details will be inserted for this employee',NULL,'1','2013-08-01 12:13:11','0000-00-00 00:00:00',NULL),(42,'Ashutosh Saran Singh','designation','department','some details will be inserted for this employee',NULL,'1','2013-08-01 12:13:11','0000-00-00 00:00:00',NULL),(43,'Ashwani Singh','designation','department','some details will be inserted for this employee',NULL,'1','2013-08-01 12:13:11','0000-00-00 00:00:00',NULL),(44,'Atul Aggarwal','designation','department','some details will be inserted for this employee',NULL,'1','2013-08-01 12:13:11','0000-00-00 00:00:00',NULL),(45,'Atul Kumar Sharma','designation','department','some details will be inserted for this employee',NULL,'1','2013-08-01 12:13:11','0000-00-00 00:00:00',NULL),(46,'Atul Suresh Kanekar','designation','department','some details will be inserted for this employee',NULL,'1','2013-08-01 12:13:11','0000-00-00 00:00:00',NULL),(47,'Avadhesh Kumar  Mishra','designation','department','some details will be inserted for this employee',NULL,'1','2013-08-01 12:13:11','0000-00-00 00:00:00',NULL),(48,'Avdhesh  Kumar Khare','designation','department','some details will be inserted for this employee',NULL,'1','2013-08-01 12:13:11','0000-00-00 00:00:00',NULL),(49,'Avni Jain','designation','department','some details will be inserted for this employee',NULL,'1','2013-08-01 12:13:12','0000-00-00 00:00:00',NULL),(50,'Basudeba  Rath','designation','department','some details will be inserted for this employee',NULL,'1','2013-08-01 12:13:12','0000-00-00 00:00:00',NULL),(51,'Bhanu  Gil','designation','department','some details will be inserted for this employee',NULL,'1','2013-08-01 12:13:19','0000-00-00 00:00:00',NULL),(52,'Bhupendra Singh','designation','department','some details will be inserted for this employee',NULL,'1','2013-08-01 12:15:12','0000-00-00 00:00:00',NULL),(53,'Bhupendra  Singh','designation','department','some details will be inserted for this employee',NULL,'1','2013-08-01 12:15:12','0000-00-00 00:00:00',NULL),(54,'Bidhu Bhusan Chhotaray','designation','department','some details will be inserted for this employee',NULL,'1','2013-08-01 12:15:12','0000-00-00 00:00:00',NULL),(55,'Bikas Kumar Jha','designation','department','some details will be inserted for this employee',NULL,'1','2013-08-01 12:15:12','0000-00-00 00:00:00',NULL),(56,'Brajendra Kumar Singh','designation','department','some details will be inserted for this employee',NULL,'1','2013-08-01 12:15:12','0000-00-00 00:00:00',NULL),(57,'Brij Bhushan Sharma','designation','department','some details will be inserted for this employee',NULL,'1','2013-08-01 12:15:12','0000-00-00 00:00:00',NULL),(58,'Brijesh Kumar Mishra','designation','department','some details will be inserted for this employee',NULL,'1','2013-08-01 12:15:12','0000-00-00 00:00:00',NULL),(59,'Chandan Kumar','designation','department','some details will be inserted for this employee',NULL,'1','2013-08-01 12:15:12','0000-00-00 00:00:00',NULL),(60,'Chander Mohan Nahal','designation','department','some details will be inserted for this employee',NULL,'1','2013-08-01 12:15:12','0000-00-00 00:00:00',NULL),(61,'Chetan Prakash Sharma','designation','department','some details will be inserted for this employee',NULL,'1','2013-08-01 12:15:12','0000-00-00 00:00:00',NULL),(62,'Chinnappan  Mathala Muthu','designation','department','some details will be inserted for this employee',NULL,'1','2013-08-01 12:15:12','0000-00-00 00:00:00',NULL),(63,'Debanshu Kar','designation','department','some details will be inserted for this employee',NULL,'1','2013-08-01 12:15:12','0000-00-00 00:00:00',NULL),(64,'Debraj Naik','designation','department','some details will be inserted for this employee',NULL,'1','2013-08-01 12:15:12','0000-00-00 00:00:00',NULL),(65,'Deepak Bhardwaj','designation','department','some details will be inserted for this employee',NULL,'1','2013-08-01 12:15:12','0000-00-00 00:00:00',NULL),(66,'Deepak Kumar','designation','department','some details will be inserted for this employee',NULL,'1','2013-08-01 12:15:12','0000-00-00 00:00:00',NULL),(67,'Deepak Goyal','designation','department','some details will be inserted for this employee',NULL,'1','2013-08-01 12:15:12','0000-00-00 00:00:00',NULL),(68,'Deepak Kumar Gupta','designation','department','some details will be inserted for this employee',NULL,'1','2013-08-01 12:15:12','0000-00-00 00:00:00',NULL),(69,'Deepika  Solanki','designation','department','some details will be inserted for this employee',NULL,'1','2013-08-01 12:15:12','0000-00-00 00:00:00',NULL),(70,'Deepti Dubey','designation','department','some details will be inserted for this employee',NULL,'1','2013-08-01 12:15:12','0000-00-00 00:00:00',NULL),(71,'Devraj Singh','designation','department','some details will be inserted for this employee',NULL,'1','2013-08-01 12:15:12','0000-00-00 00:00:00',NULL),(72,'Digvijay Jain','designation','department','some details will be inserted for this employee',NULL,'1','2013-08-01 12:15:12','0000-00-00 00:00:00',NULL),(73,'Divya Gupta','designation','department','some details will be inserted for this employee',NULL,'1','2013-08-01 12:15:12','0000-00-00 00:00:00',NULL),(74,'Dnyaneshwar S. Tikar','designation','department','some details will be inserted for this employee',NULL,'1','2013-08-01 12:15:12','0000-00-00 00:00:00',NULL),(75,'Ganesh  Gupta','designation','department','some details will be inserted for this employee',NULL,'1','2013-08-01 12:15:13','0000-00-00 00:00:00',NULL),(76,'Garima  Chowrasia','designation','department','some details will be inserted for this employee',NULL,'1','2013-08-01 12:16:04','0000-00-00 00:00:00',NULL),(77,'Gaurav Tyagi','designation','department','some details will be inserted for this employee',NULL,'1','2013-08-01 12:16:04','0000-00-00 00:00:00',NULL),(78,'Gaurav Suman','designation','department','some details will be inserted for this employee',NULL,'1','2013-08-01 12:16:04','0000-00-00 00:00:00',NULL),(79,'Gaurav Vashishtha','designation','department','some details will be inserted for this employee',NULL,'1','2013-08-01 12:16:04','0000-00-00 00:00:00',NULL),(80,'Gaurav Kumar Sharma','designation','department','some details will be inserted for this employee',NULL,'1','2013-08-01 12:16:04','0000-00-00 00:00:00',NULL),(81,'Gauravjeet Singh  Pahuja','designation','department','some details will be inserted for this employee',NULL,'1','2013-08-01 12:16:04','0000-00-00 00:00:00',NULL),(82,'Gautam  Bhalla','designation','department','some details will be inserted for this employee',NULL,'1','2013-08-01 12:16:04','0000-00-00 00:00:00',NULL),(83,'Girish Chand  Pathak','designation','department','some details will be inserted for this employee',NULL,'1','2013-08-01 12:16:04','0000-00-00 00:00:00',NULL),(84,'Gourav Khanna','designation','department','some details will be inserted for this employee',NULL,'1','2013-08-01 12:16:04','0000-00-00 00:00:00',NULL),(85,'Harjeet Singh','designation','department','some details will be inserted for this employee',NULL,'1','2013-08-01 12:16:04','0000-00-00 00:00:00',NULL),(86,'Hemant  Kumar','designation','department','some details will be inserted for this employee',NULL,'1','2013-08-01 12:16:04','0000-00-00 00:00:00',NULL),(87,'Heyadatullah Anwar','designation','department','some details will be inserted for this employee',NULL,'1','2013-08-01 12:16:04','0000-00-00 00:00:00',NULL),(88,'Hirak Chattopadhyay','designation','department','some details will be inserted for this employee',NULL,'1','2013-08-01 12:16:04','0000-00-00 00:00:00',NULL),(89,'Hiren  Sejpal','designation','department','some details will be inserted for this employee',NULL,'1','2013-08-01 12:16:04','0000-00-00 00:00:00',NULL),(90,'Jaiprakash Singh  Chauhan','designation','department','some details will be inserted for this employee',NULL,'1','2013-08-01 12:16:04','0000-00-00 00:00:00',NULL),(91,'Jasleen Kaur','designation','department','some details will be inserted for this employee',NULL,'1','2013-08-01 12:16:04','0000-00-00 00:00:00',NULL),(92,'Jimit  Shah','designation','department','some details will be inserted for this employee',NULL,'1','2013-08-01 12:16:04','0000-00-00 00:00:00',NULL),(93,'Jitendra SS','designation','department','some details will be inserted for this employee',NULL,'1','2013-08-01 12:16:04','0000-00-00 00:00:00',NULL),(94,'Jugraj Singh Bedi','designation','department','some details will be inserted for this employee',NULL,'1','2013-08-01 12:16:04','0000-00-00 00:00:00',NULL),(95,'Kanwar  Pal','designation','department','some details will be inserted for this employee',NULL,'1','2013-08-01 12:16:04','0000-00-00 00:00:00',NULL),(96,'Kartik  Shah','designation','department','some details will be inserted for this employee',NULL,'1','2013-08-01 12:16:04','0000-00-00 00:00:00',NULL),(97,'Kaushal Kishore','designation','department','some details will be inserted for this employee',NULL,'1','2013-08-01 12:16:04','0000-00-00 00:00:00',NULL),(98,'Kavita Naikar','designation','department','some details will be inserted for this employee',NULL,'1','2013-08-01 12:16:04','0000-00-00 00:00:00',NULL),(99,'Kawaljeet Singh','designation','department','some details will be inserted for this employee',NULL,'1','2013-08-01 12:16:04','0000-00-00 00:00:00',NULL),(100,'Keshi Chander  Yadava','designation','department','some details will be inserted for this employee',NULL,'1','2013-08-01 12:16:04','0000-00-00 00:00:00',NULL),(101,'Khurram  Ali','designation','department','some details will be inserted for this employee',NULL,'1','2013-08-01 12:16:04','0000-00-00 00:00:00',NULL),(102,'Kinjalkumar Madani','designation','department','some details will be inserted for this employee',NULL,'1','2013-08-01 12:17:49','0000-00-00 00:00:00',NULL),(103,'Kishore Kumar Sharma','designation','department','some details will be inserted for this employee',NULL,'1','2013-08-01 12:18:10','0000-00-00 00:00:00',NULL),(104,'Koshy  John','designation','department','some details will be inserted for this employee',NULL,'1','2013-08-01 12:18:10','0000-00-00 00:00:00',NULL),(105,'Krishna  Mishra','designation','department','some details will be inserted for this employee',NULL,'1','2013-08-01 12:18:10','0000-00-00 00:00:00',NULL),(106,'Krishna  Reddy','designation','department','some details will be inserted for this employee',NULL,'1','2013-08-01 12:18:10','0000-00-00 00:00:00',NULL),(107,'Kuldeep Jangra','designation','department','some details will be inserted for this employee',NULL,'1','2013-08-01 12:18:10','0000-00-00 00:00:00',NULL),(108,'Kuldeep Kumar Singh','designation','department','some details will be inserted for this employee',NULL,'1','2013-08-01 12:18:10','0000-00-00 00:00:00',NULL),(109,'Kumar Satyavir Prakash Sinha','designation','department','some details will be inserted for this employee',NULL,'1','2013-08-01 12:18:10','0000-00-00 00:00:00',NULL),(110,'Kumaresh  Das','designation','department','some details will be inserted for this employee',NULL,'1','2013-08-01 12:18:10','0000-00-00 00:00:00',NULL),(111,'Lal Bahadur Saxena','designation','department','some details will be inserted for this employee',NULL,'1','2013-08-01 12:18:10','0000-00-00 00:00:00',NULL),(112,'Lalit  Bhadauriya','designation','department','some details will be inserted for this employee',NULL,'1','2013-08-01 12:18:10','0000-00-00 00:00:00',NULL),(113,'Lavanya Rastogi','designation','department','some details will be inserted for this employee',NULL,'1','2013-08-01 12:18:10','0000-00-00 00:00:00',NULL),(114,'Mahesh Kumar  Singh','designation','department','some details will be inserted for this employee',NULL,'1','2013-08-01 12:18:10','0000-00-00 00:00:00',NULL),(115,'Mahima Khanna','designation','department','some details will be inserted for this employee',NULL,'1','2013-08-01 12:18:10','0000-00-00 00:00:00',NULL),(116,'Maneesh Kumar Singh','designation','department','some details will be inserted for this employee',NULL,'1','2013-08-01 12:18:10','0000-00-00 00:00:00',NULL),(117,'Maninder Bali','designation','department','some details will be inserted for this employee',NULL,'1','2013-08-01 12:18:10','0000-00-00 00:00:00',NULL),(118,'Manish Kumar','designation','department','some details will be inserted for this employee',NULL,'1','2013-08-01 12:18:10','0000-00-00 00:00:00',NULL),(119,'Manish Kumar','designation','department','some details will be inserted for this employee',NULL,'1','2013-08-01 12:18:10','0000-00-00 00:00:00',NULL),(120,'Manish Ranjan','designation','department','some details will be inserted for this employee',NULL,'1','2013-08-01 12:18:10','0000-00-00 00:00:00',NULL),(121,'Manish  Kumar','designation','department','some details will be inserted for this employee',NULL,'1','2013-08-01 12:18:10','0000-00-00 00:00:00',NULL),(122,'Manish Kumar Singh','designation','department','some details will be inserted for this employee',NULL,'1','2013-08-01 12:18:11','0000-00-00 00:00:00',NULL),(123,'Manish Prakash  Ramteke','designation','department','some details will be inserted for this employee',NULL,'1','2013-08-01 12:18:22','0000-00-00 00:00:00',NULL),(124,'Mayank  Kukreti','designation','department','some details will be inserted for this employee',NULL,'1','2013-08-01 12:18:23','0000-00-00 00:00:00',NULL),(125,'Mayank  Garg','designation','department','some details will be inserted for this employee',NULL,'1','2013-08-01 12:18:23','0000-00-00 00:00:00',NULL),(126,'Mayanka Fuloria','designation','department','some details will be inserted for this employee',NULL,'1','2013-08-01 12:18:23','0000-00-00 00:00:00',NULL),(127,'Meenakshi  Sharma','designation','department','some details will be inserted for this employee',NULL,'1','2013-08-01 12:18:23','0000-00-00 00:00:00',NULL),(128,'Megha  Sahni','designation','department','some details will be inserted for this employee',NULL,'1','2013-08-01 12:18:23','0000-00-00 00:00:00',NULL),(129,'Mitesh Chavda','designation','department','some details will be inserted for this employee',NULL,'1','2013-08-01 12:18:23','0000-00-00 00:00:00',NULL),(130,'Mohanish Mishra','designation','department','some details will be inserted for this employee',NULL,'1','2013-08-01 12:18:23','0000-00-00 00:00:00',NULL),(131,'Mohd. Adnan','designation','department','some details will be inserted for this employee',NULL,'1','2013-08-01 12:18:23','0000-00-00 00:00:00',NULL),(132,'Mohit  Gupta','designation','department','some details will be inserted for this employee',NULL,'1','2013-08-01 12:18:23','0000-00-00 00:00:00',NULL),(133,'Mohit K  Singh','designation','department','some details will be inserted for this employee',NULL,'1','2013-08-01 12:18:23','0000-00-00 00:00:00',NULL),(134,'Mohit Kumar  Gupta','designation','department','some details will be inserted for this employee',NULL,'1','2013-08-01 12:18:23','0000-00-00 00:00:00',NULL),(135,'Naimuddin ','designation','department','some details will be inserted for this employee',NULL,'1','2013-08-01 12:18:23','0000-00-00 00:00:00',NULL),(136,'Namita  Misra','designation','department','some details will be inserted for this employee',NULL,'1','2013-08-01 12:18:23','0000-00-00 00:00:00',NULL),(137,'Nana Laxman  Chorage','designation','department','some details will be inserted for this employee',NULL,'1','2013-08-01 12:18:30','0000-00-00 00:00:00',NULL),(138,'Mekala Goutam Budda Dev','designation','department','some details will be inserted for this employee',NULL,'1','2013-08-01 12:19:02','0000-00-00 00:00:00',NULL),(139,'Nancy Mehta','designation','department','some details will be inserted for this employee',NULL,'1','2013-08-01 12:19:27','0000-00-00 00:00:00',NULL),(140,'Narender Kumar','designation','department','some details will be inserted for this employee',NULL,'1','2013-08-01 12:19:27','0000-00-00 00:00:00',NULL),(141,'Narender Singh','designation','department','some details will be inserted for this employee',NULL,'1','2013-08-01 12:19:27','0000-00-00 00:00:00',NULL),(142,'Naveen Kumar','designation','department','some details will be inserted for this employee',NULL,'1','2013-08-01 12:19:27','0000-00-00 00:00:00',NULL),(143,'Navneet  Kumar','designation','department','some details will be inserted for this employee',NULL,'1','2013-08-01 12:19:27','0000-00-00 00:00:00',NULL),(144,'Nayan Dawar','designation','department','some details will be inserted for this employee',NULL,'1','2013-08-01 12:19:27','0000-00-00 00:00:00',NULL),(145,'Neeraj  Singh','designation','department','some details will be inserted for this employee',NULL,'1','2013-08-01 12:19:27','0000-00-00 00:00:00',NULL),(146,'Neha  Saraswat','designation','department','some details will be inserted for this employee',NULL,'1','2013-08-01 12:19:27','0000-00-00 00:00:00',NULL),(147,'Neha  Sinha','designation','department','some details will be inserted for this employee',NULL,'1','2013-08-01 12:19:27','0000-00-00 00:00:00',NULL),(148,'Nidhi Dixit','designation','department','some details will be inserted for this employee',NULL,'1','2013-08-01 12:19:27','0000-00-00 00:00:00',NULL),(149,'Nidhi  Sahni','designation','department','some details will be inserted for this employee',NULL,'1','2013-08-01 12:19:27','0000-00-00 00:00:00',NULL),(150,'Nilesh H. Thaokar','designation','department','some details will be inserted for this employee',NULL,'1','2013-08-01 12:19:27','0000-00-00 00:00:00',NULL),(151,'Niraj Kumar','designation','department','some details will be inserted for this employee',NULL,'1','2013-08-01 12:19:27','0000-00-00 00:00:00',NULL),(152,'Nitin Bhalchandra  Patil','designation','department','some details will be inserted for this employee',NULL,'1','2013-08-01 12:19:27','0000-00-00 00:00:00',NULL),(153,'P.V. Reddy','designation','department','some details will be inserted for this employee',NULL,'1','2013-08-01 12:19:27','0000-00-00 00:00:00',NULL),(154,'Pankaj Chauhan','designation','department','some details will be inserted for this employee',NULL,'1','2013-08-01 12:19:28','0000-00-00 00:00:00',NULL),(155,'Pankaj  Arora','designation','department','some details will be inserted for this employee',NULL,'1','2013-08-01 12:19:28','0000-00-00 00:00:00',NULL),(156,'Pankaj Yadav','designation','department','some details will be inserted for this employee',NULL,'1','2013-08-01 12:19:28','0000-00-00 00:00:00',NULL),(157,'Pankaj Kumar Gupta','designation','department','some details will be inserted for this employee',NULL,'1','2013-08-01 12:19:28','0000-00-00 00:00:00',NULL),(158,'Pankaj Kumar  Gunwant','designation','department','some details will be inserted for this employee',NULL,'1','2013-08-01 12:19:28','0000-00-00 00:00:00',NULL),(159,'Parveen Badoni','designation','department','some details will be inserted for this employee',NULL,'1','2013-08-01 12:19:28','0000-00-00 00:00:00',NULL),(160,'Pawan Kumar  Mishra','designation','department','some details will be inserted for this employee',NULL,'1','2013-08-01 12:19:28','0000-00-00 00:00:00',NULL),(161,'Piyush  Saraf','designation','department','some details will be inserted for this employee',NULL,'1','2013-08-01 12:19:28','0000-00-00 00:00:00',NULL),(162,'Pradeep Kumar','designation','department','some details will be inserted for this employee',NULL,'1','2013-08-01 12:19:28','0000-00-00 00:00:00',NULL),(163,'Pradeep Kumar  Singh','designation','department','some details will be inserted for this employee',NULL,'1','2013-08-01 12:19:28','0000-00-00 00:00:00',NULL),(164,'Pradip Kumar  Tiwari','designation','department','some details will be inserted for this employee',NULL,'1','2013-08-01 12:19:28','0000-00-00 00:00:00',NULL),(165,'Pramod Kumar','designation','department','some details will be inserted for this employee',NULL,'1','2013-08-01 12:20:04','0000-00-00 00:00:00',NULL),(166,'Pranabjyoti Das','designation','department','some details will be inserted for this employee',NULL,'1','2013-08-01 12:20:28','0000-00-00 00:00:00',NULL),(167,'Prateek  Gera','designation','department','some details will be inserted for this employee',NULL,'1','2013-08-01 12:20:28','0000-00-00 00:00:00',NULL),(168,'Prateek Suhane','designation','department','some details will be inserted for this employee',NULL,'1','2013-08-01 12:20:28','0000-00-00 00:00:00',NULL),(169,'Prateek  Saini','designation','department','some details will be inserted for this employee',NULL,'1','2013-08-01 12:20:28','0000-00-00 00:00:00',NULL),(170,'Praveen  Kumar (D)','designation','department','some details will be inserted for this employee',NULL,'1','2013-08-01 12:20:28','0000-00-00 00:00:00',NULL),(171,'Praveen Kumar Pandey','designation','department','some details will be inserted for this employee',NULL,'1','2013-08-01 12:20:28','0000-00-00 00:00:00',NULL),(172,'Prince Paswan','designation','department','some details will be inserted for this employee',NULL,'1','2013-08-01 12:20:28','0000-00-00 00:00:00',NULL),(173,'Prince Kumar Pandey','designation','department','some details will be inserted for this employee',NULL,'1','2013-08-01 12:20:28','0000-00-00 00:00:00',NULL),(174,'Priya Khatnani','designation','department','some details will be inserted for this employee',NULL,'1','2013-08-01 12:20:29','0000-00-00 00:00:00',NULL),(175,'Priyanka Saxena','designation','department','some details will be inserted for this employee',NULL,'1','2013-08-01 12:20:39','0000-00-00 00:00:00',NULL),(176,'Puran Singh Kotwal','designation','department','some details will be inserted for this employee',NULL,'1','2013-08-01 12:20:39','0000-00-00 00:00:00',NULL),(177,'Radhey  Shyam ','designation','department','some details will be inserted for this employee',NULL,'1','2013-08-01 12:20:39','0000-00-00 00:00:00',NULL),(178,'Rahul Rastogi','designation','department','some details will be inserted for this employee',NULL,'1','2013-08-01 12:20:39','0000-00-00 00:00:00',NULL),(179,'Rahul Ramchandran','designation','department','some details will be inserted for this employee',NULL,'1','2013-08-01 12:20:39','0000-00-00 00:00:00',NULL),(180,'Rahul  Bhandari','designation','department','some details will be inserted for this employee',NULL,'1','2013-08-01 12:20:39','0000-00-00 00:00:00',NULL),(181,'Rahul  Singh','designation','department','some details will be inserted for this employee',NULL,'1','2013-08-01 12:20:39','0000-00-00 00:00:00',NULL),(182,'Raja Sekhar D.','designation','department','some details will be inserted for this employee',NULL,'1','2013-08-01 12:20:39','0000-00-00 00:00:00',NULL),(183,'Rajat Lal','designation','department','some details will be inserted for this employee',NULL,'1','2013-08-01 12:20:39','0000-00-00 00:00:00',NULL),(184,'Rajesh Saini','designation','department','some details will be inserted for this employee',NULL,'1','2013-08-01 12:20:39','0000-00-00 00:00:00',NULL),(185,'Rajneesh  Kumar','designation','department','some details will be inserted for this employee',NULL,'1','2013-08-01 12:20:39','0000-00-00 00:00:00',NULL),(186,'Raju Yadav','designation','department','some details will be inserted for this employee',NULL,'1','2013-08-01 12:20:39','0000-00-00 00:00:00',NULL),(187,'Rajul Gupta','designation','department','some details will be inserted for this employee',NULL,'1','2013-08-01 12:20:40','0000-00-00 00:00:00',NULL),(188,'Rakesh  Kumar','designation','department','some details will be inserted for this employee',NULL,'1','2013-08-01 12:20:48','0000-00-00 00:00:00',NULL),(189,'Rakesh  Pal','designation','department','some details will be inserted for this employee',NULL,'1','2013-08-01 12:20:48','0000-00-00 00:00:00',NULL),(190,'Ram  Sewak','designation','department','some details will be inserted for this employee',NULL,'1','2013-08-01 12:20:48','0000-00-00 00:00:00',NULL),(191,'Ram Awadh Prasad','designation','department','some details will be inserted for this employee',NULL,'1','2013-08-01 12:20:48','0000-00-00 00:00:00',NULL),(192,'Ramandeep Singh Mann','designation','department','some details will be inserted for this employee',NULL,'1','2013-08-01 12:20:48','0000-00-00 00:00:00',NULL),(193,'Ratnesh  Kumar','designation','department','some details will be inserted for this employee',NULL,'1','2013-08-01 12:20:48','0000-00-00 00:00:00',NULL),(194,'Ravi  Ranjan','designation','department','some details will be inserted for this employee',NULL,'1','2013-08-01 12:20:48','0000-00-00 00:00:00',NULL),(195,'Ravi Bhushan Tiwari','designation','department','some details will be inserted for this employee',NULL,'1','2013-08-01 12:20:48','0000-00-00 00:00:00',NULL),(196,'Ravinder Kumar','designation','department','some details will be inserted for this employee',NULL,'1','2013-08-01 12:20:48','0000-00-00 00:00:00',NULL),(197,'Ravindra  Raushan','designation','department','some details will be inserted for this employee',NULL,'1','2013-08-01 12:20:48','0000-00-00 00:00:00',NULL),(198,'Ritesh  Bahuguna','designation','department','some details will be inserted for this employee',NULL,'1','2013-08-01 12:20:48','0000-00-00 00:00:00',NULL),(199,'Rohit  Sriwastva','designation','department','some details will be inserted for this employee',NULL,'1','2013-08-01 12:20:48','0000-00-00 00:00:00',NULL),(200,'Rohit  Kumar','designation','department','some details will be inserted for this employee',NULL,'1','2013-08-01 12:20:50','0000-00-00 00:00:00',NULL),(201,'Rony Felix','designation','department','some details will be inserted for this employee',NULL,'1','2013-08-01 12:21:54','0000-00-00 00:00:00',NULL),(202,'Sachin Shukla','designation','department','some details will be inserted for this employee',NULL,'1','2013-08-01 12:21:54','0000-00-00 00:00:00',NULL),(203,'Sachin Khurana','designation','department','some details will be inserted for this employee',NULL,'1','2013-08-01 12:21:54','0000-00-00 00:00:00',NULL),(204,'Sagar Kadam','designation','department','some details will be inserted for this employee',NULL,'1','2013-08-01 12:21:54','0000-00-00 00:00:00',NULL),(205,'Sahil Chopra','designation','department','some details will be inserted for this employee',NULL,'1','2013-08-01 12:21:54','0000-00-00 00:00:00',NULL),(206,'Sanchit Puri','designation','department','some details will be inserted for this employee',NULL,'1','2013-08-01 12:21:54','0000-00-00 00:00:00',NULL),(207,'Sandeep Parwal','designation','department','some details will be inserted for this employee',NULL,'1','2013-08-01 12:21:54','0000-00-00 00:00:00',NULL),(208,'Sandeep Jain','designation','department','some details will be inserted for this employee',NULL,'1','2013-08-01 12:21:54','0000-00-00 00:00:00',NULL),(209,'Sanjay Kumar','designation','department','some details will be inserted for this employee',NULL,'1','2013-08-01 12:21:54','0000-00-00 00:00:00',NULL),(210,'Sanjay Sarkar','designation','department','some details will be inserted for this employee',NULL,'1','2013-08-01 12:21:54','0000-00-00 00:00:00',NULL),(211,'Sanjay  Deo','designation','department','some details will be inserted for this employee',NULL,'1','2013-08-01 12:21:54','0000-00-00 00:00:00',NULL),(212,'Sanjeev  Sinha','designation','department','some details will be inserted for this employee',NULL,'1','2013-08-01 12:21:54','0000-00-00 00:00:00',NULL),(213,'Sanjit Kumar Mishra','designation','department','some details will be inserted for this employee',NULL,'1','2013-08-01 12:21:54','0000-00-00 00:00:00',NULL),(214,'Santosh  Yadav','designation','department','some details will be inserted for this employee',NULL,'1','2013-08-01 12:21:54','0000-00-00 00:00:00',NULL),(215,'Sanya  Lamba','designation','department','some details will be inserted for this employee',NULL,'1','2013-08-01 12:21:54','0000-00-00 00:00:00',NULL),(216,'Sarang Dalal','designation','department','some details will be inserted for this employee',NULL,'1','2013-08-01 12:21:54','0000-00-00 00:00:00',NULL),(217,'Sarang Patel','designation','department','some details will be inserted for this employee',NULL,'1','2013-08-01 12:21:54','0000-00-00 00:00:00',NULL),(218,'Satish Kumar  Gupta','designation','department','some details will be inserted for this employee',NULL,'1','2013-08-01 12:21:54','0000-00-00 00:00:00',NULL),(219,'Saurabh Bhargava','designation','department','some details will be inserted for this employee',NULL,'1','2013-08-01 12:21:54','0000-00-00 00:00:00',NULL),(220,'Saurabh Agarwal','designation','department','some details will be inserted for this employee',NULL,'1','2013-08-01 12:21:54','0000-00-00 00:00:00',NULL),(221,'Saurabh Madan','designation','department','some details will be inserted for this employee',NULL,'1','2013-08-01 12:21:54','0000-00-00 00:00:00',NULL),(222,'Shahvez  Alam','designation','department','some details will be inserted for this employee',NULL,'1','2013-08-01 12:21:54','0000-00-00 00:00:00',NULL),(223,'Shailendra Gupta','designation','department','some details will be inserted for this employee',NULL,'1','2013-08-01 12:21:54','0000-00-00 00:00:00',NULL),(224,'Shambhu Nath Pandey','designation','department','some details will be inserted for this employee',NULL,'1','2013-08-01 12:21:54','0000-00-00 00:00:00',NULL),(225,'Sharad Chauhan','designation','department','some details will be inserted for this employee',NULL,'1','2013-08-01 12:21:54','0000-00-00 00:00:00',NULL),(226,'Shashank Verma','designation','department','some details will be inserted for this employee',NULL,'1','2013-08-01 12:21:54','0000-00-00 00:00:00',NULL),(227,'Shashi Kant Singh','designation','department','some details will be inserted for this employee',NULL,'1','2013-08-01 12:22:42','0000-00-00 00:00:00',NULL),(228,'Shivendu Kumar  Ray','designation','department','some details will be inserted for this employee',NULL,'1','2013-08-01 12:22:42','0000-00-00 00:00:00',NULL),(229,'Shyam Adhikari','designation','department','some details will be inserted for this employee',NULL,'1','2013-08-01 12:22:42','0000-00-00 00:00:00',NULL),(230,'Siddarth Chowdhary','designation','department','some details will be inserted for this employee',NULL,'1','2013-08-01 12:22:42','0000-00-00 00:00:00',NULL),(231,'Sigma  Dash','designation','department','some details will be inserted for this employee',NULL,'1','2013-08-01 12:22:42','0000-00-00 00:00:00',NULL),(232,'Siraj Ali','designation','department','some details will be inserted for this employee',NULL,'1','2013-08-01 12:22:43','0000-00-00 00:00:00',NULL),(233,'Sonali Minocha','designation','department','some details will be inserted for this employee',NULL,'1','2013-08-01 12:23:05','0000-00-00 00:00:00',NULL),(234,'Sonu Saini','designation','department','some details will be inserted for this employee',NULL,'1','2013-08-01 12:23:05','0000-00-00 00:00:00',NULL),(235,'Soumi Ghosh','designation','department','some details will be inserted for this employee',NULL,'1','2013-08-01 12:23:05','0000-00-00 00:00:00',NULL),(236,'Soumyadip  Das','designation','department','some details will be inserted for this employee',NULL,'1','2013-08-01 12:23:05','0000-00-00 00:00:00',NULL),(237,'Subhashish Mandal','designation','department','some details will be inserted for this employee',NULL,'1','2013-08-01 12:23:05','0000-00-00 00:00:00',NULL),(238,'Subrata  Kar','designation','department','some details will be inserted for this employee',NULL,'1','2013-08-01 12:23:05','0000-00-00 00:00:00',NULL),(239,'Sudeep Jain','designation','department','some details will be inserted for this employee',NULL,'1','2013-08-01 12:23:05','0000-00-00 00:00:00',NULL),(240,'Sudhanshu Kumar Singh','designation','department','some details will be inserted for this employee',NULL,'1','2013-08-01 12:23:05','0000-00-00 00:00:00',NULL),(241,'Sumit  Saxena','designation','department','some details will be inserted for this employee',NULL,'1','2013-08-01 12:23:05','0000-00-00 00:00:00',NULL),(242,'Sumit  Agarwal','designation','department','some details will be inserted for this employee',NULL,'1','2013-08-01 12:23:05','0000-00-00 00:00:00',NULL),(243,'Suraj Pal Singh Rawat','designation','department','some details will be inserted for this employee',NULL,'1','2013-08-01 12:23:05','0000-00-00 00:00:00',NULL),(244,'Swatantra Kumar','designation','department','some details will be inserted for this employee',NULL,'1','2013-08-01 12:23:05','0000-00-00 00:00:00',NULL),(245,'Tanu Trehan','designation','department','some details will be inserted for this employee',NULL,'1','2013-08-01 12:23:06','0000-00-00 00:00:00',NULL),(246,'Tarkesh Wagh','designation','department','some details will be inserted for this employee',NULL,'1','2013-08-01 12:23:20','0000-00-00 00:00:00',NULL),(247,'Tarun Seth','designation','department','some details will be inserted for this employee',NULL,'1','2013-08-01 12:23:20','0000-00-00 00:00:00',NULL),(248,'Tarun  Singhal','designation','department','some details will be inserted for this employee',NULL,'1','2013-08-01 12:23:20','0000-00-00 00:00:00',NULL),(249,'Tilak Raj','designation','department','some details will be inserted for this employee',NULL,'1','2013-08-01 12:23:20','0000-00-00 00:00:00',NULL),(250,'Tripti  Jain','designation','department','some details will be inserted for this employee',NULL,'1','2013-08-01 12:23:20','0000-00-00 00:00:00',NULL),(251,'Ujjwal Rawlley','designation','department','some details will be inserted for this employee',NULL,'1','2013-08-01 12:23:20','0000-00-00 00:00:00',NULL),(252,'Utsab  Chatterjee','designation','department','some details will be inserted for this employee',NULL,'1','2013-08-01 12:23:20','0000-00-00 00:00:00',NULL),(253,'Vaibhav Singh','designation','department','some details will be inserted for this employee',NULL,'1','2013-08-01 12:23:20','0000-00-00 00:00:00',NULL),(254,'Varun  Taliyan','designation','department','some details will be inserted for this employee',NULL,'1','2013-08-01 12:23:20','0000-00-00 00:00:00',NULL),(255,'Varun  Sharma','designation','department','some details will be inserted for this employee',NULL,'1','2013-08-01 12:23:20','0000-00-00 00:00:00',NULL),(256,'Vibhor Agarwal','designation','department','some details will be inserted for this employee',NULL,'1','2013-08-01 12:23:20','0000-00-00 00:00:00',NULL),(257,'Vijay Kumar Jha','designation','department','some details will be inserted for this employee',NULL,'1','2013-08-01 12:23:20','0000-00-00 00:00:00',NULL),(258,'Vijaykant  Khowal','designation','department','some details will be inserted for this employee',NULL,'1','2013-08-01 12:23:20','0000-00-00 00:00:00',NULL),(259,'Vikas  Kumar','designation','department','some details will be inserted for this employee',NULL,'1','2013-08-01 12:23:20','0000-00-00 00:00:00',NULL),(260,'Vinay Kumar Shukla','designation','department','some details will be inserted for this employee',NULL,'1','2013-08-01 12:23:20','0000-00-00 00:00:00',NULL),(261,'Vineet  Agrawal','designation','department','some details will be inserted for this employee',NULL,'1','2013-08-01 12:23:20','0000-00-00 00:00:00',NULL),(262,'Vineet  Rana','designation','department','some details will be inserted for this employee',NULL,'1','2013-08-01 12:23:20','0000-00-00 00:00:00',NULL),(263,'Vinod Rohilla','designation','department','some details will be inserted for this employee',NULL,'1','2013-08-01 12:23:20','0000-00-00 00:00:00',NULL),(264,'Vinod Kumar Singh','designation','department','some details will be inserted for this employee',NULL,'1','2013-08-01 12:23:20','0000-00-00 00:00:00',NULL),(265,'Vinod Kumar Maurya','designation','department','some details will be inserted for this employee',NULL,'1','2013-08-01 12:23:20','0000-00-00 00:00:00',NULL),(266,'Vipin Nahal','designation','department','some details will be inserted for this employee',NULL,'1','2013-08-01 12:23:20','0000-00-00 00:00:00',NULL),(267,'Vippan  Kumar','designation','department','some details will be inserted for this employee',NULL,'1','2013-08-01 12:23:21','0000-00-00 00:00:00',NULL),(268,'Wattan Kumar','designation','department','some details will be inserted for this employee',NULL,'1','2013-08-01 12:23:46','0000-00-00 00:00:00',NULL),(269,'Yash Kumar  Sharma','designation','department','some details will be inserted for this employee',NULL,'1','2013-08-01 12:23:46','0000-00-00 00:00:00',NULL),(270,'Yogesh  Ballani','designation','department','some details will be inserted for this employee',NULL,'1','2013-08-01 12:23:46','0000-00-00 00:00:00',NULL),(271,'Yogita  Dahiya','designation','department','some details will be inserted for this employee',NULL,'1','2013-08-01 12:23:46','0000-00-00 00:00:00',NULL),(272,'Yugant Khokhar','designation','department','some details will be inserted for this employee',NULL,'1','2013-08-01 12:23:47','0000-00-00 00:00:00',NULL);
/*!40000 ALTER TABLE `employee_old` ENABLE KEYS */;
UNLOCK TABLES;

--
-- Table structure for table `log`
--

DROP TABLE IF EXISTS `log`;
/*!40101 SET @saved_cs_client     = @@character_set_client */;
/*!40101 SET character_set_client = utf8 */;
CREATE TABLE `log` (
  `id` int(11) NOT NULL AUTO_INCREMENT,
  `user_id` tinyint(4) NOT NULL,
  `emp_id` varchar(20) DEFAULT NULL,
  `room_name` varchar(30) DEFAULT NULL,
  `row_id` tinyint(4) DEFAULT NULL,
  `computer_id` tinyint(4) DEFAULT NULL,
  `seat_id` tinyint(4) DEFAULT NULL,
  `date_of_log` date DEFAULT NULL,
  `action_performed` enum('LI','LO','SA','SD','SR','UA','UD','CSVUP','IS','DS','IR','DR') DEFAULT NULL,
  `details` longtext,
  PRIMARY KEY (`id`)
) ENGINE=InnoDB AUTO_INCREMENT=5 DEFAULT CHARSET=latin1;
/*!40101 SET character_set_client = @saved_cs_client */;

--
-- Dumping data for table `log`
--

LOCK TABLES `log` WRITE;
/*!40000 ALTER TABLE `log` DISABLE KEYS */;
INSERT INTO `log` VALUES (1,1,'72','Lab-1',13,4,NULL,'2013-08-20','SR','Tue - 20/Aug/2013 - 17:55:58 User \" ADMIN \" moved the employee \"PANKAJ CHAUHAN \" From room \" Lab-1 \", Row number \"14 \", From Computer Id \"4\" To seat number \"13\" in room \"Lab-1\"\" at row 13 , computer \"4\"From the IP 127.0.0.1 and browser  Firefox Browser version  18.0, Os  Linux  '),(2,1,'72','Lab-1',13,4,NULL,'2013-08-20','SR','Tue - 20/Aug/2013 - 17:55:58 User \" ADMIN \" moved the employee \"PANKAJ CHAUHAN \" From room \" Lab-1 \", Row number \"14 \", From Computer Id \"4\" To seat number \"13\" in room \"Lab-1\"\" at row 13 , computer \"4\"From the IP 127.0.0.1 and browser  Firefox Browser version  18.0, Os  Linux  '),(3,1,NULL,NULL,NULL,NULL,NULL,'2013-08-20','LI','Tue - 20/Aug/2013 - 18:56:56 User \" ADMIN \" Logged into the system  From the IP 127.0.0.1 and browser  Firefox Browser version  18.0, Os  Linux  '),(4,1,'68','sirijan3',1,3,NULL,'2013-08-20','SR','Tue - 20/Aug/2013 - 19:02:45 User \" ADMIN \" moved the employee \"PAWAN KUMAR MISHRA \" From room \" sirijan3 \", Row number \"1 \", From Computer Id \"4\" To seat number \"48\" in room \"sirijan3\"\" at row 1 , computer \"3\"From the IP 127.0.0.1 and browser  Firefox Browser version  18.0, Os  Linux  ');
/*!40000 ALTER TABLE `log` ENABLE KEYS */;
UNLOCK TABLES;

--
-- Table structure for table `login`
--

DROP TABLE IF EXISTS `login`;
/*!40101 SET @saved_cs_client     = @@character_set_client */;
/*!40101 SET character_set_client = utf8 */;
CREATE TABLE `login` (
  `id` int(5) unsigned NOT NULL AUTO_INCREMENT COMMENT 'THIS WILL BE AUTO GENERATED UNIQUE ID',
  `username` varchar(30) COLLATE utf8_unicode_ci DEFAULT NULL COMMENT 'USERNAME',
  `password` varchar(60) COLLATE utf8_unicode_ci DEFAULT NULL COMMENT 'PASSWORD',
  `is_admin` enum('1','0') COLLATE utf8_unicode_ci DEFAULT NULL COMMENT '1 - admin 0 - regular user',
  `status` enum('0','1') COLLATE utf8_unicode_ci NOT NULL DEFAULT '1' COMMENT 'status 1:Active,0:Deleted',
  `created_on` timestamp NOT NULL DEFAULT CURRENT_TIMESTAMP COMMENT 'Time of login creation ',
  `updated_on` datetime DEFAULT NULL COMMENT 'Time of updation',
  PRIMARY KEY (`id`)
) ENGINE=InnoDB AUTO_INCREMENT=11 DEFAULT CHARSET=utf8 COLLATE=utf8_unicode_ci;
/*!40101 SET character_set_client = @saved_cs_client */;

--
-- Dumping data for table `login`
--

LOCK TABLES `login` WRITE;
/*!40000 ALTER TABLE `login` DISABLE KEYS */;
INSERT INTO `login` VALUES (1,'admin','81dc9bdb52d04dc20036dbd8313ed055',NULL,'1','2013-07-29 10:13:16','0000-00-00 00:00:00'),(2,'user1','81dc9bdb52d04dc20036dbd8313ed055',NULL,'1','2013-07-29 10:13:16','0000-00-00 00:00:00'),(3,'user2','81dc9bdb52d04dc20036dbd8313ed055',NULL,'1','2013-07-29 10:13:16','0000-00-00 00:00:00'),(4,'user3','81dc9bdb52d04dc20036dbd8313ed055',NULL,'1','2013-07-29 10:13:17','0000-00-00 00:00:00'),(5,'test','81dc9bdb52d04dc20036dbd8313ed055','','1','0000-00-00 00:00:00','0000-00-00 00:00:00'),(6,'','d41d8cd98f00b204e9800998ecf8427e','','0','0000-00-00 00:00:00','0000-00-00 00:00:00'),(7,'','d41d8cd98f00b204e9800998ecf8427e','','0','0000-00-00 00:00:00','0000-00-00 00:00:00'),(8,'admin','827ccb0eea8a706c4c34a16891f84e7b','','1','0000-00-00 00:00:00','0000-00-00 00:00:00'),(9,'amber','81dc9bdb52d04dc20036dbd8313ed055','','0','0000-00-00 00:00:00','0000-00-00 00:00:00'),(10,'debanshu','81dc9bdb52d04dc20036dbd8313ed055','','0','0000-00-00 00:00:00','0000-00-00 00:00:00');
/*!40000 ALTER TABLE `login` ENABLE KEYS */;
UNLOCK TABLES;

--
-- Table structure for table `room`
--

DROP TABLE IF EXISTS `room`;
/*!40101 SET @saved_cs_client     = @@character_set_client */;
/*!40101 SET character_set_client = utf8 */;
CREATE TABLE `room` (
  `id` int(2) unsigned NOT NULL AUTO_INCREMENT COMMENT 'THIS WILL BE AUTO GENERATED UNIQUE ID',
  `name` varchar(30) CHARACTER SET utf8 COLLATE utf8_unicode_ci DEFAULT NULL COMMENT 'Name of Employee',
  `status` enum('0','1') NOT NULL DEFAULT '1' COMMENT 'status 1:Active,0:Deleted',
  `created_on` timestamp NOT NULL DEFAULT CURRENT_TIMESTAMP COMMENT 'Time of login creation ',
  `updated_on` datetime DEFAULT NULL COMMENT 'Time of updation',
  PRIMARY KEY (`id`),
  KEY `index_room` (`id`)
) ENGINE=InnoDB AUTO_INCREMENT=37 DEFAULT CHARSET=latin1;
/*!40101 SET character_set_client = @saved_cs_client */;

--
-- Dumping data for table `room`
--

LOCK TABLES `room` WRITE;
/*!40000 ALTER TABLE `room` DISABLE KEYS */;
INSERT INTO `room` VALUES (1,'googol','1','0000-00-00 00:00:00','0000-00-00 00:00:00'),(2,'Lab-1','1','0000-00-00 00:00:00','0000-00-00 00:00:00'),(3,'cabin-1','1','0000-00-00 00:00:00','0000-00-00 00:00:00'),(4,'cabin-2','1','0000-00-00 00:00:00','0000-00-00 00:00:00'),(5,'cabin-3','1','0000-00-00 00:00:00','0000-00-00 00:00:00'),(6,'cabin-4','1','0000-00-00 00:00:00','0000-00-00 00:00:00'),(7,'sirijan2','1','2013-07-30 06:04:08','0000-00-00 00:00:00'),(8,'Aer','1','2013-07-30 06:04:08','0000-00-00 00:00:00'),(9,'aqua','1','2013-07-30 06:04:08','0000-00-00 00:00:00'),(10,'conference','1','2013-07-30 06:04:08','0000-00-00 00:00:00'),(11,'Egnis','1','2013-07-30 06:04:08','0000-00-00 00:00:00'),(12,'jugrajsinghbedi','1','2013-07-30 06:04:08','0000-00-00 00:00:00'),(13,'sachinkhurana','1','2013-07-30 06:04:08','0000-00-00 00:00:00'),(14,'terra','1','2013-07-30 06:04:08','0000-00-00 00:00:00'),(15,'Pranabdas','1','2013-07-30 06:04:08','0000-00-00 00:00:00'),(16,'arindersinghsuri','1','2013-07-30 06:04:08','0000-00-00 00:00:00'),(17,'sonaliminocha','1','2013-07-30 06:04:08','0000-00-00 00:00:00'),(18,'sourabh','1','2013-07-30 06:04:08','0000-00-00 00:00:00'),(19,'accounts','1','2013-07-30 06:04:08','0000-00-00 00:00:00'),(20,'sirijan3','1','2013-07-30 06:04:09','0000-00-00 00:00:00'),(21,'cabin-5','1','2013-07-31 04:07:13','0000-00-00 00:00:00'),(22,'cabin-6','1','2013-07-31 04:07:13','0000-00-00 00:00:00'),(23,'cabin-7','1','2013-07-31 04:07:13','0000-00-00 00:00:00'),(24,'cabin-8','1','2013-07-31 04:07:13','0000-00-00 00:00:00'),(25,'cabin-9','1','2013-07-31 04:07:13','0000-00-00 00:00:00'),(26,'cabin-10','1','2013-07-31 04:07:13','0000-00-00 00:00:00'),(27,'cabin-11','1','2013-07-31 04:07:13','0000-00-00 00:00:00'),(28,'cabin-12','1','2013-07-31 04:07:13','0000-00-00 00:00:00'),(29,'cabin-13','1','2013-07-31 04:07:13','0000-00-00 00:00:00'),(30,'cabin-14','1','2013-07-31 04:07:13','0000-00-00 00:00:00'),(31,'cabin-15','1','2013-07-31 04:07:13','0000-00-00 00:00:00'),(32,'cabin-16','1','2013-07-31 04:07:13','0000-00-00 00:00:00'),(33,'cabin-17','1','2013-07-31 04:07:15','0000-00-00 00:00:00'),(34,'room-1','1','2013-07-31 04:40:11','0000-00-00 00:00:00'),(35,'room-2','1','2013-07-31 04:40:11','0000-00-00 00:00:00'),(36,'em','1','2013-08-19 07:24:55','0000-00-00 00:00:00');
/*!40000 ALTER TABLE `room` ENABLE KEYS */;
UNLOCK TABLES;

--
-- Table structure for table `room_row`
--

DROP TABLE IF EXISTS `room_row`;
/*!40101 SET @saved_cs_client     = @@character_set_client */;
/*!40101 SET character_set_client = utf8 */;
CREATE TABLE `room_row` (
  `id` int(5) unsigned NOT NULL AUTO_INCREMENT COMMENT 'THIS WILL BE AUTO GENERATED UNIQUE ID',
  `room_id` int(2) unsigned DEFAULT NULL COMMENT 'Name of Employee',
  `row_number` int(2) unsigned DEFAULT NULL COMMENT 'THIS WILL BE AUTO GENERATED UNIQUE ID',
  `computer` int(2) unsigned DEFAULT NULL COMMENT 'THIS WILL BE AUTO GENERATED UNIQUE ID',
  `status` enum('0','1') NOT NULL DEFAULT '1' COMMENT 'status 1:Active,0:Deleted',
  `created_on` timestamp NOT NULL DEFAULT CURRENT_TIMESTAMP COMMENT 'Time of login creation ',
  `updated_on` datetime DEFAULT NULL COMMENT 'Time of updation',
  PRIMARY KEY (`id`),
  KEY `room_id` (`room_id`),
  KEY `index_room_row` (`room_id`),
  KEY `index_room_row_row_number` (`row_number`),
  CONSTRAINT `room_row_ibfk_1` FOREIGN KEY (`room_id`) REFERENCES `room` (`id`)
) ENGINE=InnoDB AUTO_INCREMENT=58 DEFAULT CHARSET=latin1;
/*!40101 SET character_set_client = @saved_cs_client */;

--
-- Dumping data for table `room_row`
--

LOCK TABLES `room_row` WRITE;
/*!40000 ALTER TABLE `room_row` DISABLE KEYS */;
INSERT INTO `room_row` VALUES (1,2,1,9,'1','0000-00-00 00:00:00','0000-00-00 00:00:00'),(2,2,2,9,'1','0000-00-00 00:00:00','0000-00-00 00:00:00'),(3,2,3,9,'1','0000-00-00 00:00:00','0000-00-00 00:00:00'),(4,2,4,9,'1','0000-00-00 00:00:00','0000-00-00 00:00:00'),(5,2,5,9,'1','0000-00-00 00:00:00','0000-00-00 00:00:00'),(6,2,6,9,'1','0000-00-00 00:00:00','0000-00-00 00:00:00'),(7,2,7,9,'1','0000-00-00 00:00:00','0000-00-00 00:00:00'),(8,2,8,9,'1','0000-00-00 00:00:00','0000-00-00 00:00:00'),(9,2,9,9,'1','0000-00-00 00:00:00','0000-00-00 00:00:00'),(10,2,10,9,'1','0000-00-00 00:00:00','0000-00-00 00:00:00'),(11,2,11,9,'1','0000-00-00 00:00:00','0000-00-00 00:00:00'),(12,2,12,9,'1','0000-00-00 00:00:00','0000-00-00 00:00:00'),(13,2,13,9,'1','0000-00-00 00:00:00','0000-00-00 00:00:00'),(14,2,14,9,'1','0000-00-00 00:00:00','0000-00-00 00:00:00'),(15,2,15,9,'1','0000-00-00 00:00:00','0000-00-00 00:00:00'),(16,2,16,9,'1','0000-00-00 00:00:00','0000-00-00 00:00:00'),(17,15,1,1,'1','2013-07-30 06:15:43','0000-00-00 00:00:00'),(18,16,1,1,'1','2013-07-30 06:15:43','0000-00-00 00:00:00'),(19,17,1,3,'1','2013-07-30 06:15:43','0000-00-00 00:00:00'),(20,18,1,1,'1','2013-07-30 06:15:43','0000-00-00 00:00:00'),(21,19,1,3,'1','2013-07-30 06:15:43','0000-00-00 00:00:00'),(22,11,1,4,'1','2013-07-30 06:15:43','0000-00-00 00:00:00'),(23,12,1,1,'1','2013-07-30 06:15:43','0000-00-00 00:00:00'),(24,13,1,1,'1','2013-07-30 06:15:43','0000-00-00 00:00:00'),(25,14,1,4,'1','2013-07-30 06:15:43','0000-00-00 00:00:00'),(26,10,1,4,'1','2013-07-30 06:15:43','0000-00-00 00:00:00'),(27,8,1,2,'1','2013-07-30 06:15:43','0000-00-00 00:00:00'),(28,9,1,2,'1','2013-07-30 06:15:44','0000-00-00 00:00:00'),(29,3,1,1,'1','2013-07-31 04:09:58','0000-00-00 00:00:00'),(30,4,1,1,'1','2013-07-31 04:09:58','0000-00-00 00:00:00'),(31,5,1,1,'1','2013-07-31 04:09:58','0000-00-00 00:00:00'),(32,6,1,1,'1','2013-07-31 04:09:58','0000-00-00 00:00:00'),(33,21,1,1,'1','2013-07-31 04:09:58','0000-00-00 00:00:00'),(34,22,1,1,'1','2013-07-31 04:09:58','0000-00-00 00:00:00'),(35,23,1,1,'1','2013-07-31 04:09:58','0000-00-00 00:00:00'),(36,24,1,1,'1','2013-07-31 04:09:58','0000-00-00 00:00:00'),(37,25,1,1,'1','2013-07-31 04:09:58','0000-00-00 00:00:00'),(38,26,1,1,'1','2013-07-31 04:09:58','0000-00-00 00:00:00'),(39,27,1,1,'1','2013-07-31 04:09:58','0000-00-00 00:00:00'),(40,28,1,1,'1','2013-07-31 04:09:58','0000-00-00 00:00:00'),(41,29,1,1,'1','2013-07-31 04:09:58','0000-00-00 00:00:00'),(42,30,1,1,'1','2013-07-31 04:09:59','0000-00-00 00:00:00'),(43,31,1,1,'1','2013-07-31 04:38:34','0000-00-00 00:00:00'),(44,32,1,1,'1','2013-07-31 04:38:34','0000-00-00 00:00:00'),(45,33,1,1,'1','2013-07-31 04:38:35','0000-00-00 00:00:00'),(46,34,1,6,'1','2013-07-31 04:41:45','0000-00-00 00:00:00'),(47,35,1,5,'1','2013-07-31 04:41:46','0000-00-00 00:00:00'),(48,20,1,4,'1','2013-07-31 04:41:46','0000-00-00 00:00:00'),(49,7,1,4,'1','2013-07-31 04:45:43','0000-00-00 00:00:00'),(50,7,2,4,'1','2013-07-31 04:45:43','0000-00-00 00:00:00'),(51,7,3,4,'1','2013-07-31 04:45:43','0000-00-00 00:00:00'),(52,7,4,3,'1','2013-07-31 04:45:43','0000-00-00 00:00:00'),(53,7,5,3,'1','2013-07-31 04:45:43','0000-00-00 00:00:00'),(54,7,6,3,'1','2013-07-31 04:45:43','0000-00-00 00:00:00'),(55,20,2,4,'1','2013-08-08 19:46:01','0000-00-00 00:00:00'),(56,20,3,1,'1','2013-08-08 19:47:18','0000-00-00 00:00:00'),(57,36,1,1,'1','2013-08-19 07:26:34','0000-00-00 00:00:00');
/*!40000 ALTER TABLE `room_row` ENABLE KEYS */;
UNLOCK TABLES;

--
-- Table structure for table `seat_employee`
--

DROP TABLE IF EXISTS `seat_employee`;
/*!40101 SET @saved_cs_client     = @@character_set_client */;
/*!40101 SET character_set_client = utf8 */;
CREATE TABLE `seat_employee` (
  `id` int(11) unsigned NOT NULL AUTO_INCREMENT COMMENT 'THIS WILL BE AUTO GENERATED UNIQUE ID',
  `eid` int(5) unsigned DEFAULT NULL COMMENT 'THIS WILL BE ID Of employee',
  `sid` int(5) unsigned DEFAULT NULL COMMENT 'THIS WILL BE ID Of seat',
  `computer_id` int(2) unsigned DEFAULT NULL COMMENT 'THIS WILL BE ID Of computer allocated to user',
  `asignee` int(5) unsigned DEFAULT NULL COMMENT 'THIS WILL BE ID Of asignee',
  `details` text COLLATE utf8_unicode_ci NOT NULL COMMENT 'DESCRIPTION OF Employee',
  `status` enum('0','1') COLLATE utf8_unicode_ci NOT NULL DEFAULT '1' COMMENT 'status 1:Active,0:Deleted',
  `created_on` timestamp NOT NULL DEFAULT CURRENT_TIMESTAMP COMMENT 'Time of login creation ',
  `updated_on` datetime DEFAULT NULL COMMENT 'Time of updation',
  PRIMARY KEY (`id`),
  KEY `eid` (`eid`),
  KEY `asignee` (`asignee`),
  KEY `sid` (`sid`),
  CONSTRAINT `seat_employee_ibfk_1` FOREIGN KEY (`eid`) REFERENCES `employee_old` (`id`),
  CONSTRAINT `seat_employee_ibfk_2` FOREIGN KEY (`asignee`) REFERENCES `login` (`id`),
  CONSTRAINT `seat_employee_ibfk_3` FOREIGN KEY (`sid`) REFERENCES `room_row` (`id`)
) ENGINE=InnoDB AUTO_INCREMENT=189 DEFAULT CHARSET=utf8 COLLATE=utf8_unicode_ci;
/*!40101 SET character_set_client = @saved_cs_client */;

--
-- Dumping data for table `seat_employee`
--

LOCK TABLES `seat_employee` WRITE;
/*!40000 ALTER TABLE `seat_employee` DISABLE KEYS */;
INSERT INTO `seat_employee` VALUES (1,2,57,0,1,'dfshdgggftyrtyretytytryretreytertertyret','1','2013-08-19 07:27:06','0000-00-00 00:00:00'),(2,1,5,0,1,'DHKJHSDFKGHKDSFHGKSDFHGKDSFHKGHDFKGHD','1','2013-08-19 07:31:42','0000-00-00 00:00:00'),(3,3,3,2,1,'fdsaaaaaaaaaaaaaaaaaaaaaaaaaaaaaaaaaaaaaaaaaaaaaaaaaaaaaaaa','1','2013-08-19 07:32:00','0000-00-00 00:00:00'),(4,4,31,0,1,'rdftgdffffffffffffffffffffffffffffffffffffffffffffffffffffffffffffffffg','1','2013-08-19 07:32:23','0000-00-00 00:00:00'),(5,39,1,0,1,'fdassssssssssssssssssssssssssssssssssssssss','1','2013-08-19 07:38:28','0000-00-00 00:00:00'),(6,5,51,0,1,'gdfddddssssssssssssssssssssssssssssssssssssssssssssssssssssg','1','2013-08-19 17:10:47','0000-00-00 00:00:00'),(7,7,3,4,1,'erwqqqqqqqqqqqqqqqqqqqqqqqqqqqqqqqqqqqqqqqqqqqqqqqqqqqqq','1','2013-08-19 17:35:50','0000-00-00 00:00:00'),(8,9,46,5,1,'sagdjfgshadfsadgfdhgsfdhsghasgddhas','1','2013-08-20 09:32:42','0000-00-00 00:00:00'),(9,19,54,1,1,'dgggggggggggggggggggggggggggggggggggggggggggggggggf','1','2013-08-20 09:33:00','0000-00-00 00:00:00'),(10,12,53,1,1,'fsadddddddddddddddddddddddddddddddddddddddddddd','1','2013-08-20 09:33:29','0000-00-00 00:00:00'),(12,10,7,0,1,'jfgfgajsdgafasdfadhfgjasbackground-color:\'.$color.\';background-color:\'.$color.\';fgshdafj','1','2013-08-20 09:36:38','0000-00-00 00:00:00'),(13,6,52,1,1,'sdfsd fasdfsdfasdfsdffasd fasd afsdfsd','1','2013-08-20 09:37:32','0000-00-00 00:00:00'),(14,8,52,0,1,'fsdaf sdf sadfsd sd fsd fsd fsd sdf sdf sd f','1','2013-08-20 09:38:02','0000-00-00 00:00:00'),(15,11,54,2,1,'sdf asdf sdf sdfvx zxcvvxccxvfdgfdgvbxcbdfg','1','2013-08-20 09:38:29','0000-00-00 00:00:00'),(16,13,53,0,1,'sdf asdf sdf sdfvx zxcvvxccxvfdgfdgvbxcbdfg','1','2013-08-20 09:39:03','0000-00-00 00:00:00'),(17,14,54,0,1,'sdf asdf sdf sdfvx zxcvvxccxvfdgfdgvbxcbdfg','1','2013-08-20 09:39:18','0000-00-00 00:00:00'),(18,15,51,1,1,'sdf asdf sdf sdfvx zxcvvxccxvfdgfdgvbxcbdfg','1','2013-08-20 09:39:32','0000-00-00 00:00:00'),(19,16,53,2,1,'sdf asdf sdf sdfvx zxcvvxccxvfdgfdgvbxcbdfg','1','2013-08-20 09:39:43','0000-00-00 00:00:00'),(20,17,52,2,1,'sdf asdf sdf sdfvx zxcvvxccxvfdgfdgvbxcbdfg','1','2013-08-20 09:39:55','0000-00-00 00:00:00'),(21,18,51,2,1,'sdf asdf sdf sdfvx zxcvvxccxvfdgfdgvbxcbdfg','1','2013-08-20 09:40:06','0000-00-00 00:00:00'),(22,20,51,3,1,'sdf asdf sdf sdfvx zxcvvxccxvfdgfdgvbxcbdfg','1','2013-08-20 09:40:19','0000-00-00 00:00:00'),(23,21,50,3,1,'sdf asdf sdf sdfvx zxcvvxccxvfdgfdgvbxcbdfg','1','2013-08-20 09:40:35','0000-00-00 00:00:00'),(24,22,12,4,1,'fgdfsghsdkjfhgkjdshfjgkdhfkjghdjfskhgkjdsfgdfg','1','2013-08-20 09:41:35','0000-00-00 00:00:00'),(25,23,50,1,1,'sdf asdf sdf sdfvx zxcvvxccxvfdgfdgvbxcbdfg','1','2013-08-20 09:42:14','0000-00-00 00:00:00'),(26,24,50,0,1,'sdf asdf sdf sdfvx zxcvvxccxvfdgfdgvbxcbdfg','1','2013-08-20 09:44:55','0000-00-00 00:00:00'),(27,25,49,1,1,'sdf asdf sdf sdfvx zxcvvxccxvfdgfdgvbxcbdfg','1','2013-08-20 09:45:18','0000-00-00 00:00:00'),(28,26,49,2,1,'sdf asdf sdf sdfvx zxcvvxccxvfdgfdgvbxcbdfg','1','2013-08-20 09:45:43','0000-00-00 00:00:00'),(29,27,49,3,1,'sdf asdf sdf sdfvx zxcvvxccxvfdgfdgvbxcbdfg','1','2013-08-20 09:45:56','0000-00-00 00:00:00'),(30,28,49,0,1,'sdf asdf sdf sdfvx zxcvvxccxvfdgfdgvbxcbdfg','1','2013-08-20 09:46:11','0000-00-00 00:00:00'),(31,29,23,0,1,'sdf asdf sdf sdfvx zxcvvxccxvfdgfdgvbxcbdfg','1','2013-08-20 09:49:41','0000-00-00 00:00:00'),(32,30,24,0,1,'sdf asdf sdf sdfvx zxcvvxccxvfdgfdgvbxcbdfg','1','2013-08-20 09:50:29','0000-00-00 00:00:00'),(33,34,1,3,2,'ddsfsgdfgfhsdghdhgdfjhsdgfsdugyfgjsd','1','2013-08-20 10:03:26','0000-00-00 00:00:00'),(34,31,50,2,1,'sdafads afsdfasdfsd fdsf dfdsf dfsdfasdfdsf sdf','1','2013-08-20 10:13:08','0000-00-00 00:00:00'),(35,32,1,1,1,'sdafads afsdfasdfsd fdsf dfdsf dfsdfasdfdsf sdf','1','2013-08-20 10:13:25','0000-00-00 00:00:00'),(36,33,1,2,1,'sdafads afsdfasdfsd fdsf dfdsf dfsdfasdfdsf sdf','1','2013-08-20 10:13:40','0000-00-00 00:00:00'),(37,35,1,4,1,'sdafads afsdfasdfsd fdsf dfdsf dfsdfasdfdsf sdf','1','2013-08-20 10:14:15','0000-00-00 00:00:00'),(38,36,1,5,1,'sdafads afsdfasdfsd fdsf dfdsf dfsdfasdfdsf sdf','1','2013-08-20 10:14:30','0000-00-00 00:00:00'),(39,37,1,6,1,'sdafads afsdfasdfsd fdsf dfdsf dfsdfasdfdsf sdf','1','2013-08-20 10:15:54','0000-00-00 00:00:00'),(40,38,1,7,1,'sdafads afsdfasdfsd fdsf dfdsf dfsdfasdfdsf sdf','1','2013-08-20 10:16:13','0000-00-00 00:00:00'),(41,40,1,8,1,'sdafads afsdfasdfsd fdsf dfdsf dfsdfasdfdsf sdf','1','2013-08-20 10:16:40','0000-00-00 00:00:00'),(42,41,29,0,1,'sdafads afsdfasdfsd fdsf dfdsf dfsdfasdfdsf sdf','1','2013-08-20 10:17:00','0000-00-00 00:00:00'),(43,42,2,0,1,'sdafads afsdfasdfsd fdsf dfdsf dfsdfasdfdsf sdf','1','2013-08-20 10:17:16','0000-00-00 00:00:00'),(44,183,30,0,1,'sdafads afsdfasdfsd fdsf dfdsf dfsdfasdfdsf sdf','1','2013-08-20 10:17:28','0000-00-00 00:00:00'),(45,182,2,1,1,'sdafads afsdfasdfsd fdsf dfdsf dfsdfasdfdsf sdf','1','2013-08-20 10:17:40','0000-00-00 00:00:00'),(46,181,2,2,1,'sdafads afsdfasdfsd fdsf dfdsf dfsdfasdfdsf sdf','1','2013-08-20 10:17:55','0000-00-00 00:00:00'),(47,180,2,3,1,'sdafads afsdfasdfsd fdsf dfdsf dfsdfasdfdsf sdf','1','2013-08-20 10:18:14','0000-00-00 00:00:00'),(48,43,2,4,9,'faltu dsjhhsdfvhsdfvds gfdysgfds gffsdd','1','2013-08-20 10:22:13','0000-00-00 00:00:00'),(49,57,46,4,10,'donedonedonedonedonedonedonedonedone','1','2013-08-20 10:22:45','0000-00-00 00:00:00'),(51,179,2,7,1,'fdghbfdhbfgnbgbgfhnytrhtyhjntyjtyjnbsdftretrhrt','1','2013-08-20 10:22:58','0000-00-00 00:00:00'),(52,60,46,3,10,'donedonedonedonedonedonedonedone','1','2013-08-20 10:23:06','0000-00-00 00:00:00'),(53,53,46,2,10,'donedonedonedonedonedonedonedonedonedonedonedone','1','2013-08-20 10:23:49','0000-00-00 00:00:00'),(54,177,46,1,10,'donedonedonedonedonedonedonedonedonedonedonedone','1','2013-08-20 10:24:10','0000-00-00 00:00:00'),(55,49,46,0,10,'donedonedonedonedonedonedonedonedonedonedonedonedonedonedonedonedonedone','1','2013-08-20 10:24:42','0000-00-00 00:00:00'),(56,80,47,4,10,'donedonedonedonedonedonedonedonedonedonedonedonedonedonedonedonedonedonedonedonedonedonedonedone','1','2013-08-20 10:25:17','0000-00-00 00:00:00'),(57,175,47,3,10,'donedonedonedonedonedonedonedonedonedonedonedonedonedonedonedonedonedonedonedonedonedonedonedone','1','2013-08-20 10:25:36','0000-00-00 00:00:00'),(58,178,2,5,9,'ytjjjjjjjjjjjjjjjjjjjjjjjjjjjjjjjjjjjjjjjjjjjjjj','1','2013-08-20 10:26:01','0000-00-00 00:00:00'),(59,45,47,2,10,'donedonedonedonedonedonedonedonedonedonedonedonedonedonedonedonedonedone','1','2013-08-20 10:26:04','0000-00-00 00:00:00'),(60,172,47,1,10,'donedonedonedonedonedonedonedonedonedonedonedone','1','2013-08-20 10:26:25','0000-00-00 00:00:00'),(61,176,2,6,9,'sdafads afsdfasdfsd fdsf dfdsf dfsdfasdfdsf sdf','1','2013-08-20 10:26:29','0000-00-00 00:00:00'),(62,173,47,0,10,'donedonedonedonedonedonedonedonedonedonedonedone','1','2013-08-20 10:26:53','0000-00-00 00:00:00'),(63,174,3,0,9,'dfsbgfdytjjjjjjjjjjjjjjjjjjjjjjjjjjjjjjjjjjjjjjjjjjjjjj','1','2013-08-20 10:27:24','0000-00-00 00:00:00'),(64,171,56,0,10,'donedonedonedonedonedonedonedonedonedonedonedone','1','2013-08-20 10:28:23','0000-00-00 00:00:00'),(65,167,21,2,10,'donedonedonedonedonedonedonedonedonedonedonedone','1','2013-08-20 10:28:48','0000-00-00 00:00:00'),(66,170,3,1,9,'ytjjjjjjjjjjjjjjjjjjjjjjjjjjjjjjjjjjjjjjjjjjjjjj','1','2013-08-20 10:29:06','0000-00-00 00:00:00'),(67,164,21,1,10,'donedonedonedonedonedonedonedonedonedonedonedone','1','2013-08-20 10:29:11','0000-00-00 00:00:00'),(68,169,3,3,9,'ytjjjjjjjjjjjjjjjjjjjjjjjjjjjjjjjjjjjjjjjjjjjjjj','1','2013-08-20 10:29:37','0000-00-00 00:00:00'),(69,161,4,3,10,'donedonedonedonedonedonedonedonedonedonedonedone','1','2013-08-20 10:29:38','0000-00-00 00:00:00'),(70,163,5,8,10,'donedonedonedonedonedonedonedonedonedonedonedone','1','2013-08-20 10:30:00','0000-00-00 00:00:00'),(71,166,3,5,9,'ytjjjjjjjjjjjjjjjjjjjjjjjjjjjjjjjjjjjjjjjjjjjjjj','1','2013-08-20 10:30:02','0000-00-00 00:00:00'),(72,162,5,4,10,'donedonedonedonedonedonedonedonedonedonedonedone','1','2013-08-20 10:30:22','0000-00-00 00:00:00'),(73,165,3,6,9,'ytjjjjjjjjjjjjjjjjjjjjjjjjjjjjjjjjjjjjjjjjjjjjjj','1','2013-08-20 10:30:27','0000-00-00 00:00:00'),(74,168,2,8,10,'ytjjjjjjjjjjjjjjjjjjjjjjjjjjjjjjjjjjjjjjjjjjjjjj','1','2013-08-20 10:30:43','0000-00-00 00:00:00'),(75,135,18,0,10,'donedonedonedonedonedonedonedonedonedonedonedone','1','2013-08-20 10:31:20','0000-00-00 00:00:00'),(76,151,33,0,10,'donedonedonedonedonedonedonedonedonedonedonedone','1','2013-08-20 10:31:46','0000-00-00 00:00:00'),(77,155,3,7,10,'donedonedonedonedonedonedonedonedonedonedonedone','1','2013-08-20 10:32:28','0000-00-00 00:00:00'),(78,160,4,1,9,'ytjjjjjjjjjjjjjjjjjjjjjjjjjjjjjjjjjjjjjjjjjjjjjj','1','2013-08-20 10:32:35','0000-00-00 00:00:00'),(79,50,3,8,10,'donedonedonedonedonedonedonedonedonedonedonedone','1','2013-08-20 10:33:07','0000-00-00 00:00:00'),(80,159,4,8,9,'ytjjjjjjjjjjjjjjjjjjjjjjjjjjjjjjjjjjjjjjjjjjjjjj','1','2013-08-20 10:33:13','0000-00-00 00:00:00'),(81,132,9,8,10,'donedonedonedonedonedonedonedonedonedonedonedone','1','2013-08-20 10:33:23','0000-00-00 00:00:00'),(82,158,4,0,9,'ytjjjjjjjjjjjjjjjjjjjjjjjjjjjjjjjjjjjjjjjjjjjjjj','1','2013-08-20 10:33:41','0000-00-00 00:00:00'),(83,140,7,1,10,'donedonedonedonedonedonedonedonedonedonedonedone','1','2013-08-20 10:33:49','0000-00-00 00:00:00'),(84,79,5,7,10,'donedonedonedonedonedonedonedonedonedonedonedone','1','2013-08-20 10:34:24','0000-00-00 00:00:00'),(85,157,32,0,9,'ytjjjjjjjjjjjjjjjjjjjjjjjjjjjjjjjjjjjjjjjjjjjjjj','1','2013-08-20 10:34:25','0000-00-00 00:00:00'),(86,156,4,2,9,'ytjjjjjjjjjjjjjjjjjjjjjjjjjjjjjjjjjjjjjjjjjjjjjj','1','2013-08-20 10:35:30','0000-00-00 00:00:00'),(87,153,9,4,10,'donedonedonedonedonedonedonedonedonedonedonedone','1','2013-08-20 10:35:42','0000-00-00 00:00:00'),(88,154,4,4,9,'ytjjjjjjjjjjjjjjjjjjjjjjjjjjjjjjjjjjjjjjjjjjjjjj','1','2013-08-20 10:35:54','0000-00-00 00:00:00'),(89,152,4,5,10,'ytjjjjjjjjjjjjjjjjjjjjjjjjjjjjjjjjjjjjjjjjjjjjjj','1','2013-08-20 10:36:06','0000-00-00 00:00:00'),(90,150,7,3,9,'ytjjjjjjjjjjjjjjjjjjjjjjjjjjjjjjjjjjjjjjjjjjjjjj','1','2013-08-20 10:37:27','0000-00-00 00:00:00'),(91,149,4,7,9,'ytjjjjjjjjjjjjjjjjjjjjjjjjjjjjjjjjjjjjjjjjjjjjjj','1','2013-08-20 10:38:00','0000-00-00 00:00:00'),(92,148,5,3,9,'ytjjjjjjjjjjjjjjjjjjjjjjjjjjjjjjjjjjjjjjjjjjjjjj','1','2013-08-20 10:38:56','0000-00-00 00:00:00'),(93,147,34,0,9,'donedonedonedonedonedonedonedonedonedonedonedone','1','2013-08-20 10:40:18','0000-00-00 00:00:00'),(94,145,35,0,10,'ytjjjjjjjjjjjjjjjjjjjjjjjjjjjjjjjjjjjjjjjjjjjjjj','1','2013-08-20 10:41:52','0000-00-00 00:00:00'),(95,146,48,0,9,'ytjjjjjjjjjjjjjjjjjjjjjjjjjjjjjjjjjjjjjjjjjjjjjj','1','2013-08-20 10:44:01','0000-00-00 00:00:00'),(96,144,5,1,9,'ytjjjjjjjjjjjjjjjjjjjjjjjjjjjjjjjjjjjjjjjjjjjjjj','1','2013-08-20 10:44:52','0000-00-00 00:00:00'),(97,143,5,2,9,'ytjjjjjjjjjjjjjjjjjjjjjjjjjjjjjjjjjjjjjjjjjjjjjj','1','2013-08-20 10:49:54','0000-00-00 00:00:00'),(98,142,11,0,10,'ytjjjjjjjjjjjjjjjjjjjjjjjjjjjjjjjjjjjjjjjjjjjjjj','1','2013-08-20 10:50:04','0000-00-00 00:00:00'),(99,141,19,2,9,'donedonedonedonedonedonedonedonedonedonedonedone','1','2013-08-20 10:50:28','0000-00-00 00:00:00'),(100,139,43,0,9,'ytjjjjjjjjjjjjjjjjjjjjjjjjjjjjjjjjjjjjjjjjjjjjjj','1','2013-08-20 10:51:00','0000-00-00 00:00:00'),(101,138,5,5,9,'ytjjjjjjjjjjjjjjjjjjjjjjjjjjjjjjjjjjjjjjjjjjjjjj','1','2013-08-20 10:51:16','0000-00-00 00:00:00'),(102,136,16,6,10,'donedonedonedonedonedonedonedonedonedonedonedone','1','2013-08-20 10:51:19','0000-00-00 00:00:00'),(103,137,5,6,9,'ytjjjjjjjjjjjjjjjjjjjjjjjjjjjjjjjjjjjjjjjjjjjjjj','1','2013-08-20 10:51:32','0000-00-00 00:00:00'),(104,133,8,6,10,'donedonedonedonedonedonedonedonedonedonedonedone','1','2013-08-20 10:51:32','0000-00-00 00:00:00'),(105,131,6,5,10,'donedonedonedonedonedonedonedonedonedonedonedone','1','2013-08-20 10:51:43','0000-00-00 00:00:00'),(106,134,6,0,9,'ytjjjjjjjjjjjjjjjjjjjjjjjjjjjjjjjjjjjjjjjjjjjjjj','1','2013-08-20 10:51:52','0000-00-00 00:00:00'),(107,130,6,1,9,'ytjjjjjjjjjjjjjjjjjjjjjjjjjjjjjjjjjjjjjjjjjjjjjj','1','2013-08-20 10:52:07','0000-00-00 00:00:00'),(108,129,6,2,9,'ytjjjjjjjjjjjjjjjjjjjjjjjjjjjjjjjjjjjjjjjjjjjjjj','1','2013-08-20 10:52:17','0000-00-00 00:00:00'),(109,128,6,3,9,'ytjjjjjjjjjjjjjjjjjjjjjjjjjjjjjjjjjjjjjjjjjjjjjj','1','2013-08-20 10:52:29','0000-00-00 00:00:00'),(110,127,6,4,9,'ytjjjjjjjjjjjjjjjjjjjjjjjjjjjjjjjjjjjjjjjjjjjjjj','1','2013-08-20 10:52:41','0000-00-00 00:00:00'),(111,126,6,6,9,'ytjjjjjjjjjjjjjjjjjjjjjjjjjjjjjjjjjjjjjjjjjjjjjj','1','2013-08-20 10:52:52','0000-00-00 00:00:00'),(112,125,6,7,9,'ytjjjjjjjjjjjjjjjjjjjjjjjjjjjjjjjjjjjjjjjjjjjjjj','1','2013-08-20 10:53:41','0000-00-00 00:00:00'),(113,124,6,8,9,'ytjjjjjjjjjjjjjjjjjjjjjjjjjjjjjjjjjjjjjjjjjjjjjj','1','2013-08-20 10:54:37','0000-00-00 00:00:00'),(114,123,7,4,9,'donedonedonedonedonedoneff','0','2013-08-20 10:55:10','0000-00-00 00:00:00'),(115,122,7,2,10,'donedonedonedonedonedonedonedonedonedonedonedone','1','2013-08-20 10:55:20','0000-00-00 00:00:00'),(116,121,7,5,9,'donedonedonedonedonedonedonedonedonedonedonedone','1','2013-08-20 10:57:24','0000-00-00 00:00:00'),(117,120,7,6,9,'ytjjjjjjjjjjjjjjjjjjjjjjjjjjjjjjjjjjjjjjjjjjjjjj','1','2013-08-20 10:59:03','0000-00-00 00:00:00'),(118,119,4,6,9,'ytjjjjjjjjjjjjjjjjjjjjjjjjjjjjjjjjjjjjjjjjjjjjjj','1','2013-08-20 10:59:16','0000-00-00 00:00:00'),(119,118,7,7,9,'ytjjjjjjjjjjjjjjjjjjjjjjjjjjjjjjjjjjjjjjjjjjjjjj','1','2013-08-20 10:59:31','0000-00-00 00:00:00'),(120,117,7,8,9,'ytjjjjjjjjjjjjjjjjjjjjjjjjjjjjjjjjjjjjjjjjjjjjjj','1','2013-08-20 11:00:02','0000-00-00 00:00:00'),(121,116,8,0,9,'ytjjjjjjjjjjjjjjjjjjjjjjjjjjjjjjjjjjjjjjjjjjjjjj','1','2013-08-20 11:00:14','0000-00-00 00:00:00'),(122,115,8,1,9,'ytjjjjjjjjjjjjjjjjjjjjjjjjjjjjjjjjjjjjjjjjjjjjjj','1','2013-08-20 11:00:29','0000-00-00 00:00:00'),(123,114,8,2,9,'ytjjjjjjjjjjjjjjjjjjjjjjjjjjjjjjjjjjjjjjjjjjjjjj','1','2013-08-20 11:00:47','0000-00-00 00:00:00'),(124,113,8,3,9,'ytjjjjjjjjjjjjjjjjjjjjjjjjjjjjjjjjjjjjjjjjjjjjjj','1','2013-08-20 11:01:14','0000-00-00 00:00:00'),(125,112,8,4,9,'ytjjjjjjjjjjjjjjjjjjjjjjjjjjjjjjjjjjjjjjjjjjjjjj','1','2013-08-20 11:01:39','0000-00-00 00:00:00'),(126,111,8,5,9,'ytjjjjjjjjjjjjjjjjjjjjjjjjjjjjjjjjjjjjjjjjjjjjjj','1','2013-08-20 11:01:55','0000-00-00 00:00:00'),(127,110,8,7,9,'ytjjjjjjjjjjjjjjjjjjjjjjjjjjjjjjjjjjjjjjjjjjjjjjytjjjjjjjjjjjjjjjjjjjjjjjjjjjjjjjjjjjjjjjjjjjjjj','0','2013-08-20 11:02:11','0000-00-00 00:00:00'),(128,109,8,8,9,'ytjjjjjjjjjjjjjjjjjjjjjjjjjjjjjjjjjjjjjjjjjjjjjj','1','2013-08-20 11:02:41','0000-00-00 00:00:00'),(129,108,9,0,9,'ytjjjjjjjjjjjjjjjjjjjjjjjjjjjjjjjjjjjjjjjjjjjjjj','1','2013-08-20 11:02:52','0000-00-00 00:00:00'),(130,107,9,1,9,'ytjjjjjjjjjjjjjjjjjjjjjjjjjjjjjjjjjjjjjjjjjjjjjj','1','2013-08-20 11:03:04','0000-00-00 00:00:00'),(131,106,9,2,9,'ytjjjjjjjjjjjjjjjjjjjjjjjjjjjjjjjjjjjjjjjjjjjjjj','1','2013-08-20 11:03:16','0000-00-00 00:00:00'),(132,105,9,3,9,'ytjjjjjjjjjjjjjjjjjjjjjjjjjjjjjjjjjjjjjjjjjjjjjj','1','2013-08-20 11:03:26','0000-00-00 00:00:00'),(133,104,9,5,9,'ytjjjjjjjjjjjjjjjjjjjjjjjjjjjjjjjjjjjjjjjjjjjjjj','1','2013-08-20 11:03:40','0000-00-00 00:00:00'),(134,103,9,6,10,'donedonedonedonedonedoneff','1','2013-08-20 11:04:44','0000-00-00 00:00:00'),(135,102,9,7,9,'ytjjjjjjjjjjjjjjjjjjjjjjjjjjjjjjjjjjjjjjjjjjjjjj','1','2013-08-20 11:05:02','0000-00-00 00:00:00'),(136,101,10,0,9,'ytjjjjjjjjjjjjjjjjjjjjjjjjjjjjjjjjjjjjjjjjjjjjjj','1','2013-08-20 11:05:15','0000-00-00 00:00:00'),(137,110,8,7,9,'donedonedonedonedonedoneffdonedonedonedonedonedoneff\n','0','2013-08-20 11:06:16','0000-00-00 00:00:00'),(138,110,8,7,9,'donedonedonedonedonedoneff','0','2013-08-20 11:07:08','0000-00-00 00:00:00'),(139,100,10,1,9,'ytjjjjjjjjjjjjjjjjjjjjjjjjjjjjjjjjjjjjjjjjjjjjjj','1','2013-08-20 11:07:28','0000-00-00 00:00:00'),(140,110,10,7,9,'sdafffffffffffffffffffffffffffffffffffffffffffffffffffffffffffffffffff','1','2013-08-20 11:07:53','0000-00-00 00:00:00'),(141,99,10,2,9,'ytjjjjjjjjjjjjjjjjjjjjjjjjjjjjjjjjjjjjjjjjjjjjjj','1','2013-08-20 11:08:14','0000-00-00 00:00:00'),(142,98,10,3,9,'ytjjjjjjjjjjjjjjjjjjjjjjjjjjjjjjjjjjjjjjjjjjjjjj','1','2013-08-20 11:08:26','0000-00-00 00:00:00'),(143,97,10,4,9,'ytjjjjjjjjjjjjjjjjjjjjjjjjjjjjjjjjjjjjjjjjjjjjjj','1','2013-08-20 11:08:36','0000-00-00 00:00:00'),(144,96,10,5,9,'ytjjjjjjjjjjjjjjjjjjjjjjjjjjjjjjjjjjjjjjjjjjjjjj','1','2013-08-20 11:08:48','0000-00-00 00:00:00'),(145,95,8,7,9,'ytjjjjjjjjjjjjjjjjjjjjjjjjjjjjjjjjjjjjjjjjjjjjjj','1','2013-08-20 11:09:05','0000-00-00 00:00:00'),(146,94,10,6,9,'ytjjjjjjjjjjjjjjjjjjjjjjjjjjjjjjjjjjjjjjjjjjjjjj','1','2013-08-20 11:09:25','0000-00-00 00:00:00'),(147,93,10,8,9,'ytjjjjjjjjjjjjjjjjjjjjjjjjjjjjjjjjjjjjjjjjjjjjjj','1','2013-08-20 11:10:08','0000-00-00 00:00:00'),(148,92,11,1,9,'ytjjjjjjjjjjjjjjjjjjjjjjjjjjjjjjjjjjjjjjjjjjjjjj','1','2013-08-20 11:10:36','0000-00-00 00:00:00'),(149,91,11,2,9,'ytjjjjjjjjjjjjjjjjjjjjjjjjjjjjjjjjjjjjjjjjjjjjjj','1','2013-08-20 11:11:08','0000-00-00 00:00:00'),(150,81,11,3,9,'ytjjjjjjjjjjjjjjjjjjjjjjjjjjjjjjjjjjjjjjjjjjjjjj','1','2013-08-20 11:11:47','0000-00-00 00:00:00'),(151,82,11,4,9,'ytjjjjjjjjjjjjjjjjjjjjjjjjjjjjjjjjjjjjjjjjjjjjjj','1','2013-08-20 11:11:59','0000-00-00 00:00:00'),(152,83,11,5,9,'ytjjjjjjjjjjjjjjjjjjjjjjjjjjjjjjjjjjjjjjjjjjjjjj','1','2013-08-20 11:12:09','0000-00-00 00:00:00'),(153,84,11,6,9,'ytjjjjjjjjjjjjjjjjjjjjjjjjjjjjjjjjjjjjjjjjjjjjjj','1','2013-08-20 11:12:22','0000-00-00 00:00:00'),(154,85,11,7,9,'ytjjjjjjjjjjjjjjjjjjjjjjjjjjjjjjjjjjjjjjjjjjjjjj','1','2013-08-20 11:12:41','0000-00-00 00:00:00'),(155,86,11,8,9,'ytjjjjjjjjjjjjjjjjjjjjjjjjjjjjjjjjjjjjjjjjjjjjjj','1','2013-08-20 11:12:50','0000-00-00 00:00:00'),(156,87,12,0,9,'ytjjjjjjjjjjjjjjjjjjjjjjjjjjjjjjjjjjjjjjjjjjjjjj','1','2013-08-20 11:13:02','0000-00-00 00:00:00'),(157,88,12,1,9,'ytjjjjjjjjjjjjjjjjjjjjjjjjjjjjjjjjjjjjjjjjjjjjjj','1','2013-08-20 11:13:11','0000-00-00 00:00:00'),(158,89,12,2,9,'ytjjjjjjjjjjjjjjjjjjjjjjjjjjjjjjjjjjjjjjjjjjjjjj','1','2013-08-20 11:13:23','0000-00-00 00:00:00'),(159,90,12,3,9,'ytjjjjjjjjjjjjjjjjjjjjjjjjjjjjjjjjjjjjjjjjjjjjjj','1','2013-08-20 11:13:43','0000-00-00 00:00:00'),(160,71,12,5,9,'ytjjjjjjjjjjjjjjjjjjjjjjjjjjjjjjjjjjjjjjjjjjjjjj','1','2013-08-20 11:14:07','0000-00-00 00:00:00'),(161,78,12,6,9,'ytjjjjjjjjjjjjjjjjjjjjjjjjjjjjjjjjjjjjjjjjjjjjjj','1','2013-08-20 11:14:25','0000-00-00 00:00:00'),(162,77,12,7,9,'ytjjjjjjjjjjjjjjjjjjjjjjjjjjjjjjjjjjjjjjjjjjjjjj','1','2013-08-20 11:14:35','0000-00-00 00:00:00'),(163,76,12,8,9,'ytjjjjjjjjjjjjjjjjjjjjjjjjjjjjjjjjjjjjjjjjjjjjjj','1','2013-08-20 11:14:57','0000-00-00 00:00:00'),(164,75,13,0,9,'ytjjjjjjjjjjjjjjjjjjjjjjjjjjjjjjjjjjjjjjjjjjjjjj','1','2013-08-20 11:15:11','0000-00-00 00:00:00'),(165,74,13,1,9,'ytjjjjjjjjjjjjjjjjjjjjjjjjjjjjjjjjjjjjjjjjjjjjjj','1','2013-08-20 11:15:21','0000-00-00 00:00:00'),(166,73,13,2,9,'ytjjjjjjjjjjjjjjjjjjjjjjjjjjjjjjjjjjjjjjjjjjjjjj','1','2013-08-20 11:15:32','0000-00-00 00:00:00'),(167,72,13,3,9,'sdfaaaaaaaaaaaaaaaaaaaaaaaaaaaaaaaaaaaaaaaaaaaaaaaaaaaaaa','1','2013-08-20 11:15:47','0000-00-00 00:00:00'),(168,64,7,4,10,'donedonedonedonedonedoneff\n','1','2013-08-20 11:16:37','0000-00-00 00:00:00'),(169,69,16,4,10,'donedonedonedonedonedoneff','1','2013-08-20 11:16:50','0000-00-00 00:00:00'),(170,70,16,0,9,'donedonedonedonedonedoneff\n','1','2013-08-20 11:16:57','0000-00-00 00:00:00'),(171,68,48,2,9,'saddddddddddddddddddddddddddddddddddddddddddddddddddddddddddg','1','2013-08-20 11:17:08','0000-00-00 00:00:00'),(172,67,16,8,9,'donedonedonedonedonedoneff','1','2013-08-20 11:17:18','0000-00-00 00:00:00'),(173,66,16,1,9,'donedonedonedonedonedoneff','1','2013-08-20 11:17:29','0000-00-00 00:00:00'),(174,65,13,4,10,'ytjjjjjjjjjjjjjjjjjjjjjjjjjjjjjjjjjjjjjjjjjjjjjj','1','2013-08-20 11:17:43','0000-00-00 00:00:00'),(175,63,37,0,10,'donedonedonedonedonedoneff','1','2013-08-20 11:17:54','0000-00-00 00:00:00'),(176,62,40,0,10,'donedonedonedonedonedoneff','1','2013-08-20 11:18:14','0000-00-00 00:00:00'),(177,61,21,0,10,'donedonedonedonedonedoneff','1','2013-08-20 11:18:30','0000-00-00 00:00:00'),(178,44,13,5,9,'vsdfgdfhdfchftgjhytfrjyfjnmyikjty','1','2013-08-20 11:18:40','0000-00-00 00:00:00'),(179,55,39,0,10,'donedonedonedonedonedoneff','1','2013-08-20 11:18:51','0000-00-00 00:00:00'),(180,47,13,6,9,'vsdfgdfhdfchftgjhytfrjyfjnmyikjty','1','2013-08-20 11:18:56','0000-00-00 00:00:00'),(181,59,36,0,10,'donedonedonedonedonedoneff','1','2013-08-20 11:19:03','0000-00-00 00:00:00'),(182,48,13,7,9,'vsdfgdfhdfchftgjhytfrjyfjnmyikjty','1','2013-08-20 11:19:07','0000-00-00 00:00:00'),(183,52,38,0,10,'donedonedonedonedonedoneff','1','2013-08-20 11:19:15','0000-00-00 00:00:00'),(184,58,41,0,10,'donedonedonedonedonedoneff','1','2013-08-20 11:19:31','0000-00-00 00:00:00'),(185,56,42,0,10,'donedonedonedonedonedoneff','1','2013-08-20 11:19:45','0000-00-00 00:00:00'),(186,54,17,0,10,'donedonedonedonedonedoneff','1','2013-08-20 11:20:06','0000-00-00 00:00:00'),(187,51,19,0,9,'donedonedonedonedonedoneff','1','2013-08-20 11:20:20','0000-00-00 00:00:00'),(188,46,44,0,10,'donedonedonedonedonedoneff','1','2013-08-20 11:20:40','0000-00-00 00:00:00');
/*!40000 ALTER TABLE `seat_employee` ENABLE KEYS */;
UNLOCK TABLES;
/*!40103 SET TIME_ZONE=@OLD_TIME_ZONE */;

/*!40101 SET SQL_MODE=@OLD_SQL_MODE */;
/*!40014 SET FOREIGN_KEY_CHECKS=@OLD_FOREIGN_KEY_CHECKS */;
/*!40014 SET UNIQUE_CHECKS=@OLD_UNIQUE_CHECKS */;
/*!40101 SET CHARACTER_SET_CLIENT=@OLD_CHARACTER_SET_CLIENT */;
/*!40101 SET CHARACTER_SET_RESULTS=@OLD_CHARACTER_SET_RESULTS */;
/*!40101 SET COLLATION_CONNECTION=@OLD_COLLATION_CONNECTION */;
/*!40111 SET SQL_NOTES=@OLD_SQL_NOTES */;

-- Dump completed on 2013-08-20 19:39:04
