-- MySQL dump 10.13  Distrib 5.5.31, for debian-linux-gnu (i686)
--
-- Host: localhost    Database: assign_seat
-- ------------------------------------------------------
-- Server version	5.5.31-0ubuntu0.12.04.1

/*!40101 SET @OLD_CHARACTER_SET_CLIENT=@@CHARACTER_SET_CLIENT */;
/*!40101 SET @OLD_CHARACTER_SET_RESULTS=@@CHARACTER_SET_RESULTS */;
/*!40101 SET @OLD_COLLATION_CONNECTION=@@COLLATION_CONNECTION */;
/*!40101 SET NAMES utf8 */;
/*!40103 SET @OLD_TIME_ZONE=@@TIME_ZONE */;
/*!40103 SET TIME_ZONE='+00:00' */;
/*!40014 SET @OLD_UNIQUE_CHECKS=@@UNIQUE_CHECKS, UNIQUE_CHECKS=0 */;
/*!40014 SET @OLD_FOREIGN_KEY_CHECKS=@@FOREIGN_KEY_CHECKS, FOREIGN_KEY_CHECKS=0 */;
/*!40101 SET @OLD_SQL_MODE=@@SQL_MODE, SQL_MODE='NO_AUTO_VALUE_ON_ZERO' */;
/*!40111 SET @OLD_SQL_NOTES=@@SQL_NOTES, SQL_NOTES=0 */;

--
-- Current Database: `assign_seat`
--

/*!40000 DROP DATABASE IF EXISTS `assign_seat`*/;

CREATE DATABASE /*!32312 IF NOT EXISTS*/ `assign_seat` /*!40100 DEFAULT CHARACTER SET latin1 */;

USE `assign_seat`;

--
-- Table structure for table `employee`
--

DROP TABLE IF EXISTS `employee`;
/*!40101 SET @saved_cs_client     = @@character_set_client */;
/*!40101 SET character_set_client = utf8 */;
CREATE TABLE `employee` (
  `id` int(5) unsigned NOT NULL AUTO_INCREMENT COMMENT 'THIS WILL BE AUTO GENERATED UNIQUE ID',
  `name` varchar(30) COLLATE utf8_unicode_ci DEFAULT NULL COMMENT 'Name of Employee',
  `designation` varchar(30) COLLATE utf8_unicode_ci DEFAULT NULL COMMENT 'Designation of Employee',
  `department` varchar(30) COLLATE utf8_unicode_ci DEFAULT NULL COMMENT 'Department of Employee',
  `details` text COLLATE utf8_unicode_ci NOT NULL COMMENT 'DESCRIPTION OF Employee',
  `status` enum('0','1') COLLATE utf8_unicode_ci NOT NULL DEFAULT '1' COMMENT 'status 1:Active,0:Deleted',
  `created_on` timestamp NOT NULL DEFAULT CURRENT_TIMESTAMP COMMENT 'Time of login creation ',
  `updated_on` datetime DEFAULT NULL COMMENT 'Time of updation',
  PRIMARY KEY (`id`)
) ENGINE=InnoDB AUTO_INCREMENT=273 DEFAULT CHARSET=utf8 COLLATE=utf8_unicode_ci;
/*!40101 SET character_set_client = @saved_cs_client */;

--
-- Dumping data for table `employee`
--

LOCK TABLES `employee` WRITE;
/*!40000 ALTER TABLE `employee` DISABLE KEYS */;
INSERT INTO `employee` VALUES (1,'Abbas Y. Dhuliawala','designation','department','some details will be inserted for this employee','1','2013-08-01 12:11:45','0000-00-00 00:00:00'),(2,'Abdul Manaf','designation','department','some details will be inserted for this employee','1','2013-08-01 12:11:45','0000-00-00 00:00:00'),(3,'Abhijeet Kalsi','designation','department','some details will be inserted for this employee','1','2013-08-01 12:11:45','0000-00-00 00:00:00'),(4,'Abhik Ghosal','designation','department','some details will be inserted for this employee','1','2013-08-01 12:11:45','0000-00-00 00:00:00'),(5,'Abhinav Prakash  Tiwari','designation','department','some details will be inserted for this employee','1','2013-08-01 12:11:45','0000-00-00 00:00:00'),(6,'Abhishek Kumar','designation','department','some details will be inserted for this employee','1','2013-08-01 12:11:45','0000-00-00 00:00:00'),(7,'Abhishek  Arora','designation','department','some details will be inserted for this employee','1','2013-08-01 12:11:45','0000-00-00 00:00:00'),(8,'Adarsh Kumar Srivastava','designation','department','some details will be inserted for this employee','1','2013-08-01 12:11:45','0000-00-00 00:00:00'),(9,'Adil Rauf Khan','designation','department','some details will be inserted for this employee','1','2013-08-01 12:11:45','0000-00-00 00:00:00'),(10,'Ajay Kumar  Shukla','designation','department','some details will be inserted for this employee','1','2013-08-01 12:11:45','0000-00-00 00:00:00'),(11,'Aman  Kakkar','designation','department','some details will be inserted for this employee','1','2013-08-01 12:11:45','0000-00-00 00:00:00'),(12,'Aman  Grover','designation','department','some details will be inserted for this employee','1','2013-08-01 12:11:48','0000-00-00 00:00:00'),(13,'Amarjeet Kumar','designation','department','some details will be inserted for this employee','1','2013-08-01 12:12:04','0000-00-00 00:00:00'),(14,'Amber Sharma','designation','department','some details will be inserted for this employee','1','2013-08-01 12:12:04','0000-00-00 00:00:00'),(15,'Amit  Ranjan','designation','department','some details will be inserted for this employee','1','2013-08-01 12:12:04','0000-00-00 00:00:00'),(16,'Amit Kumar  Maheshwari','designation','department','some details will be inserted for this employee','1','2013-08-01 12:12:04','0000-00-00 00:00:00'),(17,'Amitesh Bharti','designation','department','some details will be inserted for this employee','1','2013-08-01 12:12:04','0000-00-00 00:00:00'),(18,'Amiya Madhab  Majumdar','designation','department','some details will be inserted for this employee','1','2013-08-01 12:12:04','0000-00-00 00:00:00'),(19,'Amol  Salvi','designation','department','some details will be inserted for this employee','1','2013-08-01 12:12:04','0000-00-00 00:00:00'),(20,'Anand Shankar  Bahuguna','designation','department','some details will be inserted for this employee','1','2013-08-01 12:12:04','0000-00-00 00:00:00'),(21,'Anil Kumar','designation','department','some details will be inserted for this employee','1','2013-08-01 12:12:04','0000-00-00 00:00:00'),(22,'Animesh Kumar','designation','department','some details will be inserted for this employee','1','2013-08-01 12:12:04','0000-00-00 00:00:00'),(23,'Anirudh Sood','designation','department','some details will be inserted for this employee','1','2013-08-01 12:12:04','0000-00-00 00:00:00'),(24,'Anirudh Pandita','designation','department','some details will be inserted for this employee','1','2013-08-01 12:12:04','0000-00-00 00:00:00'),(25,'Anju Dubey','designation','department','some details will be inserted for this employee','1','2013-08-01 12:12:04','0000-00-00 00:00:00'),(26,'Ankit Purohit','designation','department','some details will be inserted for this employee','1','2013-08-01 12:12:04','0000-00-00 00:00:00'),(27,'Ankit  Shukla','designation','department','some details will be inserted for this employee','1','2013-08-01 12:12:04','0000-00-00 00:00:00'),(28,'Ankur Kumar Aeran','designation','department','some details will be inserted for this employee','1','2013-08-01 12:12:04','0000-00-00 00:00:00'),(29,'Anshul  Srivastava','designation','department','some details will be inserted for this employee','1','2013-08-01 12:12:04','0000-00-00 00:00:00'),(30,'Anuj Maheshwari','designation','department','some details will be inserted for this employee','1','2013-08-01 12:12:04','0000-00-00 00:00:00'),(31,'Anurag Dutt','designation','department','some details will be inserted for this employee','1','2013-08-01 12:12:06','0000-00-00 00:00:00'),(32,'Anuresh Kumar  Ravi','designation','department','some details will be inserted for this employee','1','2013-08-01 12:13:11','0000-00-00 00:00:00'),(33,'Arinder Singh Suri','designation','department','some details will be inserted for this employee','1','2013-08-01 12:13:11','0000-00-00 00:00:00'),(34,'Arpit Goyal','designation','department','some details will be inserted for this employee','1','2013-08-01 12:13:11','0000-00-00 00:00:00'),(35,'Arti  Koul','designation','department','some details will be inserted for this employee','1','2013-08-01 12:13:11','0000-00-00 00:00:00'),(36,'Arunag Arora','designation','department','some details will be inserted for this employee','1','2013-08-01 12:13:11','0000-00-00 00:00:00'),(37,'Arunesh  Beri','designation','department','some details will be inserted for this employee','1','2013-08-01 12:13:11','0000-00-00 00:00:00'),(38,'Arvind Singh','designation','department','some details will be inserted for this employee','1','2013-08-01 12:13:11','0000-00-00 00:00:00'),(39,'Ashish  Prasad','designation','department','some details will be inserted for this employee','1','2013-08-01 12:13:11','0000-00-00 00:00:00'),(40,'Ashutosh Jha','designation','department','some details will be inserted for this employee','1','2013-08-01 12:13:11','0000-00-00 00:00:00'),(41,'Ashutosh  Kumar','designation','department','some details will be inserted for this employee','1','2013-08-01 12:13:11','0000-00-00 00:00:00'),(42,'Ashutosh Saran Singh','designation','department','some details will be inserted for this employee','1','2013-08-01 12:13:11','0000-00-00 00:00:00'),(43,'Ashwani Singh','designation','department','some details will be inserted for this employee','1','2013-08-01 12:13:11','0000-00-00 00:00:00'),(44,'Atul Aggarwal','designation','department','some details will be inserted for this employee','1','2013-08-01 12:13:11','0000-00-00 00:00:00'),(45,'Atul Kumar Sharma','designation','department','some details will be inserted for this employee','1','2013-08-01 12:13:11','0000-00-00 00:00:00'),(46,'Atul Suresh Kanekar','designation','department','some details will be inserted for this employee','1','2013-08-01 12:13:11','0000-00-00 00:00:00'),(47,'Avadhesh Kumar  Mishra','designation','department','some details will be inserted for this employee','1','2013-08-01 12:13:11','0000-00-00 00:00:00'),(48,'Avdhesh  Kumar Khare','designation','department','some details will be inserted for this employee','1','2013-08-01 12:13:11','0000-00-00 00:00:00'),(49,'Avni Jain','designation','department','some details will be inserted for this employee','1','2013-08-01 12:13:12','0000-00-00 00:00:00'),(50,'Basudeba  Rath','designation','department','some details will be inserted for this employee','1','2013-08-01 12:13:12','0000-00-00 00:00:00'),(51,'Bhanu  Gil','designation','department','some details will be inserted for this employee','1','2013-08-01 12:13:19','0000-00-00 00:00:00'),(52,'Bhupendra Singh','designation','department','some details will be inserted for this employee','1','2013-08-01 12:15:12','0000-00-00 00:00:00'),(53,'Bhupendra  Singh','designation','department','some details will be inserted for this employee','1','2013-08-01 12:15:12','0000-00-00 00:00:00'),(54,'Bidhu Bhusan Chhotaray','designation','department','some details will be inserted for this employee','1','2013-08-01 12:15:12','0000-00-00 00:00:00'),(55,'Bikas Kumar Jha','designation','department','some details will be inserted for this employee','1','2013-08-01 12:15:12','0000-00-00 00:00:00'),(56,'Brajendra Kumar Singh','designation','department','some details will be inserted for this employee','1','2013-08-01 12:15:12','0000-00-00 00:00:00'),(57,'Brij Bhushan Sharma','designation','department','some details will be inserted for this employee','1','2013-08-01 12:15:12','0000-00-00 00:00:00'),(58,'Brijesh Kumar Mishra','designation','department','some details will be inserted for this employee','1','2013-08-01 12:15:12','0000-00-00 00:00:00'),(59,'Chandan Kumar','designation','department','some details will be inserted for this employee','1','2013-08-01 12:15:12','0000-00-00 00:00:00'),(60,'Chander Mohan Nahal','designation','department','some details will be inserted for this employee','1','2013-08-01 12:15:12','0000-00-00 00:00:00'),(61,'Chetan Prakash Sharma','designation','department','some details will be inserted for this employee','1','2013-08-01 12:15:12','0000-00-00 00:00:00'),(62,'Chinnappan  Mathala Muthu','designation','department','some details will be inserted for this employee','1','2013-08-01 12:15:12','0000-00-00 00:00:00'),(63,'Debanshu Kar','designation','department','some details will be inserted for this employee','1','2013-08-01 12:15:12','0000-00-00 00:00:00'),(64,'Debraj Naik','designation','department','some details will be inserted for this employee','1','2013-08-01 12:15:12','0000-00-00 00:00:00'),(65,'Deepak Bhardwaj','designation','department','some details will be inserted for this employee','1','2013-08-01 12:15:12','0000-00-00 00:00:00'),(66,'Deepak Kumar','designation','department','some details will be inserted for this employee','1','2013-08-01 12:15:12','0000-00-00 00:00:00'),(67,'Deepak Goyal','designation','department','some details will be inserted for this employee','1','2013-08-01 12:15:12','0000-00-00 00:00:00'),(68,'Deepak Kumar Gupta','designation','department','some details will be inserted for this employee','1','2013-08-01 12:15:12','0000-00-00 00:00:00'),(69,'Deepika  Solanki','designation','department','some details will be inserted for this employee','1','2013-08-01 12:15:12','0000-00-00 00:00:00'),(70,'Deepti Dubey','designation','department','some details will be inserted for this employee','1','2013-08-01 12:15:12','0000-00-00 00:00:00'),(71,'Devraj Singh','designation','department','some details will be inserted for this employee','1','2013-08-01 12:15:12','0000-00-00 00:00:00'),(72,'Digvijay Jain','designation','department','some details will be inserted for this employee','1','2013-08-01 12:15:12','0000-00-00 00:00:00'),(73,'Divya Gupta','designation','department','some details will be inserted for this employee','1','2013-08-01 12:15:12','0000-00-00 00:00:00'),(74,'Dnyaneshwar S. Tikar','designation','department','some details will be inserted for this employee','1','2013-08-01 12:15:12','0000-00-00 00:00:00'),(75,'Ganesh  Gupta','designation','department','some details will be inserted for this employee','1','2013-08-01 12:15:13','0000-00-00 00:00:00'),(76,'Garima  Chowrasia','designation','department','some details will be inserted for this employee','1','2013-08-01 12:16:04','0000-00-00 00:00:00'),(77,'Gaurav Tyagi','designation','department','some details will be inserted for this employee','1','2013-08-01 12:16:04','0000-00-00 00:00:00'),(78,'Gaurav Suman','designation','department','some details will be inserted for this employee','1','2013-08-01 12:16:04','0000-00-00 00:00:00'),(79,'Gaurav Vashishtha','designation','department','some details will be inserted for this employee','1','2013-08-01 12:16:04','0000-00-00 00:00:00'),(80,'Gaurav Kumar Sharma','designation','department','some details will be inserted for this employee','1','2013-08-01 12:16:04','0000-00-00 00:00:00'),(81,'Gauravjeet Singh  Pahuja','designation','department','some details will be inserted for this employee','1','2013-08-01 12:16:04','0000-00-00 00:00:00'),(82,'Gautam  Bhalla','designation','department','some details will be inserted for this employee','1','2013-08-01 12:16:04','0000-00-00 00:00:00'),(83,'Girish Chand  Pathak','designation','department','some details will be inserted for this employee','1','2013-08-01 12:16:04','0000-00-00 00:00:00'),(84,'Gourav Khanna','designation','department','some details will be inserted for this employee','1','2013-08-01 12:16:04','0000-00-00 00:00:00'),(85,'Harjeet Singh','designation','department','some details will be inserted for this employee','1','2013-08-01 12:16:04','0000-00-00 00:00:00'),(86,'Hemant  Kumar','designation','department','some details will be inserted for this employee','1','2013-08-01 12:16:04','0000-00-00 00:00:00'),(87,'Heyadatullah Anwar','designation','department','some details will be inserted for this employee','1','2013-08-01 12:16:04','0000-00-00 00:00:00'),(88,'Hirak Chattopadhyay','designation','department','some details will be inserted for this employee','1','2013-08-01 12:16:04','0000-00-00 00:00:00'),(89,'Hiren  Sejpal','designation','department','some details will be inserted for this employee','1','2013-08-01 12:16:04','0000-00-00 00:00:00'),(90,'Jaiprakash Singh  Chauhan','designation','department','some details will be inserted for this employee','1','2013-08-01 12:16:04','0000-00-00 00:00:00'),(91,'Jasleen Kaur','designation','department','some details will be inserted for this employee','1','2013-08-01 12:16:04','0000-00-00 00:00:00'),(92,'Jimit  Shah','designation','department','some details will be inserted for this employee','1','2013-08-01 12:16:04','0000-00-00 00:00:00'),(93,'Jitendra SS','designation','department','some details will be inserted for this employee','1','2013-08-01 12:16:04','0000-00-00 00:00:00'),(94,'Jugraj Singh Bedi','designation','department','some details will be inserted for this employee','1','2013-08-01 12:16:04','0000-00-00 00:00:00'),(95,'Kanwar  Pal','designation','department','some details will be inserted for this employee','1','2013-08-01 12:16:04','0000-00-00 00:00:00'),(96,'Kartik  Shah','designation','department','some details will be inserted for this employee','1','2013-08-01 12:16:04','0000-00-00 00:00:00'),(97,'Kaushal Kishore','designation','department','some details will be inserted for this employee','1','2013-08-01 12:16:04','0000-00-00 00:00:00'),(98,'Kavita Naikar','designation','department','some details will be inserted for this employee','1','2013-08-01 12:16:04','0000-00-00 00:00:00'),(99,'Kawaljeet Singh','designation','department','some details will be inserted for this employee','1','2013-08-01 12:16:04','0000-00-00 00:00:00'),(100,'Keshi Chander  Yadava','designation','department','some details will be inserted for this employee','1','2013-08-01 12:16:04','0000-00-00 00:00:00'),(101,'Khurram  Ali','designation','department','some details will be inserted for this employee','1','2013-08-01 12:16:04','0000-00-00 00:00:00'),(102,'Kinjalkumar Madani','designation','department','some details will be inserted for this employee','1','2013-08-01 12:17:49','0000-00-00 00:00:00'),(103,'Kishore Kumar Sharma','designation','department','some details will be inserted for this employee','1','2013-08-01 12:18:10','0000-00-00 00:00:00'),(104,'Koshy  John','designation','department','some details will be inserted for this employee','1','2013-08-01 12:18:10','0000-00-00 00:00:00'),(105,'Krishna  Mishra','designation','department','some details will be inserted for this employee','1','2013-08-01 12:18:10','0000-00-00 00:00:00'),(106,'Krishna  Reddy','designation','department','some details will be inserted for this employee','1','2013-08-01 12:18:10','0000-00-00 00:00:00'),(107,'Kuldeep Jangra','designation','department','some details will be inserted for this employee','1','2013-08-01 12:18:10','0000-00-00 00:00:00'),(108,'Kuldeep Kumar Singh','designation','department','some details will be inserted for this employee','1','2013-08-01 12:18:10','0000-00-00 00:00:00'),(109,'Kumar Satyavir Prakash Sinha','designation','department','some details will be inserted for this employee','1','2013-08-01 12:18:10','0000-00-00 00:00:00'),(110,'Kumaresh  Das','designation','department','some details will be inserted for this employee','1','2013-08-01 12:18:10','0000-00-00 00:00:00'),(111,'Lal Bahadur Saxena','designation','department','some details will be inserted for this employee','1','2013-08-01 12:18:10','0000-00-00 00:00:00'),(112,'Lalit  Bhadauriya','designation','department','some details will be inserted for this employee','1','2013-08-01 12:18:10','0000-00-00 00:00:00'),(113,'Lavanya Rastogi','designation','department','some details will be inserted for this employee','1','2013-08-01 12:18:10','0000-00-00 00:00:00'),(114,'Mahesh Kumar  Singh','designation','department','some details will be inserted for this employee','1','2013-08-01 12:18:10','0000-00-00 00:00:00'),(115,'Mahima Khanna','designation','department','some details will be inserted for this employee','1','2013-08-01 12:18:10','0000-00-00 00:00:00'),(116,'Maneesh Kumar Singh','designation','department','some details will be inserted for this employee','1','2013-08-01 12:18:10','0000-00-00 00:00:00'),(117,'Maninder Bali','designation','department','some details will be inserted for this employee','1','2013-08-01 12:18:10','0000-00-00 00:00:00'),(118,'Manish Kumar','designation','department','some details will be inserted for this employee','1','2013-08-01 12:18:10','0000-00-00 00:00:00'),(119,'Manish Kumar','designation','department','some details will be inserted for this employee','1','2013-08-01 12:18:10','0000-00-00 00:00:00'),(120,'Manish Ranjan','designation','department','some details will be inserted for this employee','1','2013-08-01 12:18:10','0000-00-00 00:00:00'),(121,'Manish  Kumar','designation','department','some details will be inserted for this employee','1','2013-08-01 12:18:10','0000-00-00 00:00:00'),(122,'Manish Kumar Singh','designation','department','some details will be inserted for this employee','1','2013-08-01 12:18:11','0000-00-00 00:00:00'),(123,'Manish Prakash  Ramteke','designation','department','some details will be inserted for this employee','1','2013-08-01 12:18:22','0000-00-00 00:00:00'),(124,'Mayank  Kukreti','designation','department','some details will be inserted for this employee','1','2013-08-01 12:18:23','0000-00-00 00:00:00'),(125,'Mayank  Garg','designation','department','some details will be inserted for this employee','1','2013-08-01 12:18:23','0000-00-00 00:00:00'),(126,'Mayanka Fuloria','designation','department','some details will be inserted for this employee','1','2013-08-01 12:18:23','0000-00-00 00:00:00'),(127,'Meenakshi  Sharma','designation','department','some details will be inserted for this employee','1','2013-08-01 12:18:23','0000-00-00 00:00:00'),(128,'Megha  Sahni','designation','department','some details will be inserted for this employee','1','2013-08-01 12:18:23','0000-00-00 00:00:00'),(129,'Mitesh Chavda','designation','department','some details will be inserted for this employee','1','2013-08-01 12:18:23','0000-00-00 00:00:00'),(130,'Mohanish Mishra','designation','department','some details will be inserted for this employee','1','2013-08-01 12:18:23','0000-00-00 00:00:00'),(131,'Mohd. Adnan','designation','department','some details will be inserted for this employee','1','2013-08-01 12:18:23','0000-00-00 00:00:00'),(132,'Mohit  Gupta','designation','department','some details will be inserted for this employee','1','2013-08-01 12:18:23','0000-00-00 00:00:00'),(133,'Mohit K  Singh','designation','department','some details will be inserted for this employee','1','2013-08-01 12:18:23','0000-00-00 00:00:00'),(134,'Mohit Kumar  Gupta','designation','department','some details will be inserted for this employee','1','2013-08-01 12:18:23','0000-00-00 00:00:00'),(135,'Naimuddin ','designation','department','some details will be inserted for this employee','1','2013-08-01 12:18:23','0000-00-00 00:00:00'),(136,'Namita  Misra','designation','department','some details will be inserted for this employee','1','2013-08-01 12:18:23','0000-00-00 00:00:00'),(137,'Nana Laxman  Chorage','designation','department','some details will be inserted for this employee','1','2013-08-01 12:18:30','0000-00-00 00:00:00'),(138,'Mekala Goutam Budda Dev','designation','department','some details will be inserted for this employee','1','2013-08-01 12:19:02','0000-00-00 00:00:00'),(139,'Nancy Mehta','designation','department','some details will be inserted for this employee','1','2013-08-01 12:19:27','0000-00-00 00:00:00'),(140,'Narender Kumar','designation','department','some details will be inserted for this employee','1','2013-08-01 12:19:27','0000-00-00 00:00:00'),(141,'Narender Singh','designation','department','some details will be inserted for this employee','1','2013-08-01 12:19:27','0000-00-00 00:00:00'),(142,'Naveen Kumar','designation','department','some details will be inserted for this employee','1','2013-08-01 12:19:27','0000-00-00 00:00:00'),(143,'Navneet  Kumar','designation','department','some details will be inserted for this employee','1','2013-08-01 12:19:27','0000-00-00 00:00:00'),(144,'Nayan Dawar','designation','department','some details will be inserted for this employee','1','2013-08-01 12:19:27','0000-00-00 00:00:00'),(145,'Neeraj  Singh','designation','department','some details will be inserted for this employee','1','2013-08-01 12:19:27','0000-00-00 00:00:00'),(146,'Neha  Saraswat','designation','department','some details will be inserted for this employee','1','2013-08-01 12:19:27','0000-00-00 00:00:00'),(147,'Neha  Sinha','designation','department','some details will be inserted for this employee','1','2013-08-01 12:19:27','0000-00-00 00:00:00'),(148,'Nidhi Dixit','designation','department','some details will be inserted for this employee','1','2013-08-01 12:19:27','0000-00-00 00:00:00'),(149,'Nidhi  Sahni','designation','department','some details will be inserted for this employee','1','2013-08-01 12:19:27','0000-00-00 00:00:00'),(150,'Nilesh H. Thaokar','designation','department','some details will be inserted for this employee','1','2013-08-01 12:19:27','0000-00-00 00:00:00'),(151,'Niraj Kumar','designation','department','some details will be inserted for this employee','1','2013-08-01 12:19:27','0000-00-00 00:00:00'),(152,'Nitin Bhalchandra  Patil','designation','department','some details will be inserted for this employee','1','2013-08-01 12:19:27','0000-00-00 00:00:00'),(153,'P.V. Reddy','designation','department','some details will be inserted for this employee','1','2013-08-01 12:19:27','0000-00-00 00:00:00'),(154,'Pankaj Chauhan','designation','department','some details will be inserted for this employee','1','2013-08-01 12:19:28','0000-00-00 00:00:00'),(155,'Pankaj  Arora','designation','department','some details will be inserted for this employee','1','2013-08-01 12:19:28','0000-00-00 00:00:00'),(156,'Pankaj Yadav','designation','department','some details will be inserted for this employee','1','2013-08-01 12:19:28','0000-00-00 00:00:00'),(157,'Pankaj Kumar Gupta','designation','department','some details will be inserted for this employee','1','2013-08-01 12:19:28','0000-00-00 00:00:00'),(158,'Pankaj Kumar  Gunwant','designation','department','some details will be inserted for this employee','1','2013-08-01 12:19:28','0000-00-00 00:00:00'),(159,'Parveen Badoni','designation','department','some details will be inserted for this employee','1','2013-08-01 12:19:28','0000-00-00 00:00:00'),(160,'Pawan Kumar  Mishra','designation','department','some details will be inserted for this employee','1','2013-08-01 12:19:28','0000-00-00 00:00:00'),(161,'Piyush  Saraf','designation','department','some details will be inserted for this employee','1','2013-08-01 12:19:28','0000-00-00 00:00:00'),(162,'Pradeep Kumar','designation','department','some details will be inserted for this employee','1','2013-08-01 12:19:28','0000-00-00 00:00:00'),(163,'Pradeep Kumar  Singh','designation','department','some details will be inserted for this employee','1','2013-08-01 12:19:28','0000-00-00 00:00:00'),(164,'Pradip Kumar  Tiwari','designation','department','some details will be inserted for this employee','1','2013-08-01 12:19:28','0000-00-00 00:00:00'),(165,'Pramod Kumar','designation','department','some details will be inserted for this employee','1','2013-08-01 12:20:04','0000-00-00 00:00:00'),(166,'Pranabjyoti Das','designation','department','some details will be inserted for this employee','1','2013-08-01 12:20:28','0000-00-00 00:00:00'),(167,'Prateek  Gera','designation','department','some details will be inserted for this employee','1','2013-08-01 12:20:28','0000-00-00 00:00:00'),(168,'Prateek Suhane','designation','department','some details will be inserted for this employee','1','2013-08-01 12:20:28','0000-00-00 00:00:00'),(169,'Prateek  Saini','designation','department','some details will be inserted for this employee','1','2013-08-01 12:20:28','0000-00-00 00:00:00'),(170,'Praveen  Kumar (D)','designation','department','some details will be inserted for this employee','1','2013-08-01 12:20:28','0000-00-00 00:00:00'),(171,'Praveen Kumar Pandey','designation','department','some details will be inserted for this employee','1','2013-08-01 12:20:28','0000-00-00 00:00:00'),(172,'Prince Paswan','designation','department','some details will be inserted for this employee','1','2013-08-01 12:20:28','0000-00-00 00:00:00'),(173,'Prince Kumar Pandey','designation','department','some details will be inserted for this employee','1','2013-08-01 12:20:28','0000-00-00 00:00:00'),(174,'Priya Khatnani','designation','department','some details will be inserted for this employee','1','2013-08-01 12:20:29','0000-00-00 00:00:00'),(175,'Priyanka Saxena','designation','department','some details will be inserted for this employee','1','2013-08-01 12:20:39','0000-00-00 00:00:00'),(176,'Puran Singh Kotwal','designation','department','some details will be inserted for this employee','1','2013-08-01 12:20:39','0000-00-00 00:00:00'),(177,'Radhey  Shyam ','designation','department','some details will be inserted for this employee','1','2013-08-01 12:20:39','0000-00-00 00:00:00'),(178,'Rahul Rastogi','designation','department','some details will be inserted for this employee','1','2013-08-01 12:20:39','0000-00-00 00:00:00'),(179,'Rahul Ramchandran','designation','department','some details will be inserted for this employee','1','2013-08-01 12:20:39','0000-00-00 00:00:00'),(180,'Rahul  Bhandari','designation','department','some details will be inserted for this employee','1','2013-08-01 12:20:39','0000-00-00 00:00:00'),(181,'Rahul  Singh','designation','department','some details will be inserted for this employee','1','2013-08-01 12:20:39','0000-00-00 00:00:00'),(182,'Raja Sekhar D.','designation','department','some details will be inserted for this employee','1','2013-08-01 12:20:39','0000-00-00 00:00:00'),(183,'Rajat Lal','designation','department','some details will be inserted for this employee','1','2013-08-01 12:20:39','0000-00-00 00:00:00'),(184,'Rajesh Saini','designation','department','some details will be inserted for this employee','1','2013-08-01 12:20:39','0000-00-00 00:00:00'),(185,'Rajneesh  Kumar','designation','department','some details will be inserted for this employee','1','2013-08-01 12:20:39','0000-00-00 00:00:00'),(186,'Raju Yadav','designation','department','some details will be inserted for this employee','1','2013-08-01 12:20:39','0000-00-00 00:00:00'),(187,'Rajul Gupta','designation','department','some details will be inserted for this employee','1','2013-08-01 12:20:40','0000-00-00 00:00:00'),(188,'Rakesh  Kumar','designation','department','some details will be inserted for this employee','1','2013-08-01 12:20:48','0000-00-00 00:00:00'),(189,'Rakesh  Pal','designation','department','some details will be inserted for this employee','1','2013-08-01 12:20:48','0000-00-00 00:00:00'),(190,'Ram  Sewak','designation','department','some details will be inserted for this employee','1','2013-08-01 12:20:48','0000-00-00 00:00:00'),(191,'Ram Awadh Prasad','designation','department','some details will be inserted for this employee','1','2013-08-01 12:20:48','0000-00-00 00:00:00'),(192,'Ramandeep Singh Mann','designation','department','some details will be inserted for this employee','1','2013-08-01 12:20:48','0000-00-00 00:00:00'),(193,'Ratnesh  Kumar','designation','department','some details will be inserted for this employee','1','2013-08-01 12:20:48','0000-00-00 00:00:00'),(194,'Ravi  Ranjan','designation','department','some details will be inserted for this employee','1','2013-08-01 12:20:48','0000-00-00 00:00:00'),(195,'Ravi Bhushan Tiwari','designation','department','some details will be inserted for this employee','1','2013-08-01 12:20:48','0000-00-00 00:00:00'),(196,'Ravinder Kumar','designation','department','some details will be inserted for this employee','1','2013-08-01 12:20:48','0000-00-00 00:00:00'),(197,'Ravindra  Raushan','designation','department','some details will be inserted for this employee','1','2013-08-01 12:20:48','0000-00-00 00:00:00'),(198,'Ritesh  Bahuguna','designation','department','some details will be inserted for this employee','1','2013-08-01 12:20:48','0000-00-00 00:00:00'),(199,'Rohit  Sriwastva','designation','department','some details will be inserted for this employee','1','2013-08-01 12:20:48','0000-00-00 00:00:00'),(200,'Rohit  Kumar','designation','department','some details will be inserted for this employee','1','2013-08-01 12:20:50','0000-00-00 00:00:00'),(201,'Rony Felix','designation','department','some details will be inserted for this employee','1','2013-08-01 12:21:54','0000-00-00 00:00:00'),(202,'Sachin Shukla','designation','department','some details will be inserted for this employee','1','2013-08-01 12:21:54','0000-00-00 00:00:00'),(203,'Sachin Khurana','designation','department','some details will be inserted for this employee','1','2013-08-01 12:21:54','0000-00-00 00:00:00'),(204,'Sagar Kadam','designation','department','some details will be inserted for this employee','1','2013-08-01 12:21:54','0000-00-00 00:00:00'),(205,'Sahil Chopra','designation','department','some details will be inserted for this employee','1','2013-08-01 12:21:54','0000-00-00 00:00:00'),(206,'Sanchit Puri','designation','department','some details will be inserted for this employee','1','2013-08-01 12:21:54','0000-00-00 00:00:00'),(207,'Sandeep Parwal','designation','department','some details will be inserted for this employee','1','2013-08-01 12:21:54','0000-00-00 00:00:00'),(208,'Sandeep Jain','designation','department','some details will be inserted for this employee','1','2013-08-01 12:21:54','0000-00-00 00:00:00'),(209,'Sanjay Kumar','designation','department','some details will be inserted for this employee','1','2013-08-01 12:21:54','0000-00-00 00:00:00'),(210,'Sanjay Sarkar','designation','department','some details will be inserted for this employee','1','2013-08-01 12:21:54','0000-00-00 00:00:00'),(211,'Sanjay  Deo','designation','department','some details will be inserted for this employee','1','2013-08-01 12:21:54','0000-00-00 00:00:00'),(212,'Sanjeev  Sinha','designation','department','some details will be inserted for this employee','1','2013-08-01 12:21:54','0000-00-00 00:00:00'),(213,'Sanjit Kumar Mishra','designation','department','some details will be inserted for this employee','1','2013-08-01 12:21:54','0000-00-00 00:00:00'),(214,'Santosh  Yadav','designation','department','some details will be inserted for this employee','1','2013-08-01 12:21:54','0000-00-00 00:00:00'),(215,'Sanya  Lamba','designation','department','some details will be inserted for this employee','1','2013-08-01 12:21:54','0000-00-00 00:00:00'),(216,'Sarang Dalal','designation','department','some details will be inserted for this employee','1','2013-08-01 12:21:54','0000-00-00 00:00:00'),(217,'Sarang Patel','designation','department','some details will be inserted for this employee','1','2013-08-01 12:21:54','0000-00-00 00:00:00'),(218,'Satish Kumar  Gupta','designation','department','some details will be inserted for this employee','1','2013-08-01 12:21:54','0000-00-00 00:00:00'),(219,'Saurabh Bhargava','designation','department','some details will be inserted for this employee','1','2013-08-01 12:21:54','0000-00-00 00:00:00'),(220,'Saurabh Agarwal','designation','department','some details will be inserted for this employee','1','2013-08-01 12:21:54','0000-00-00 00:00:00'),(221,'Saurabh Madan','designation','department','some details will be inserted for this employee','1','2013-08-01 12:21:54','0000-00-00 00:00:00'),(222,'Shahvez  Alam','designation','department','some details will be inserted for this employee','1','2013-08-01 12:21:54','0000-00-00 00:00:00'),(223,'Shailendra Gupta','designation','department','some details will be inserted for this employee','1','2013-08-01 12:21:54','0000-00-00 00:00:00'),(224,'Shambhu Nath Pandey','designation','department','some details will be inserted for this employee','1','2013-08-01 12:21:54','0000-00-00 00:00:00'),(225,'Sharad Chauhan','designation','department','some details will be inserted for this employee','1','2013-08-01 12:21:54','0000-00-00 00:00:00'),(226,'Shashank Verma','designation','department','some details will be inserted for this employee','1','2013-08-01 12:21:54','0000-00-00 00:00:00'),(227,'Shashi Kant Singh','designation','department','some details will be inserted for this employee','1','2013-08-01 12:22:42','0000-00-00 00:00:00'),(228,'Shivendu Kumar  Ray','designation','department','some details will be inserted for this employee','1','2013-08-01 12:22:42','0000-00-00 00:00:00'),(229,'Shyam Adhikari','designation','department','some details will be inserted for this employee','1','2013-08-01 12:22:42','0000-00-00 00:00:00'),(230,'Siddarth Chowdhary','designation','department','some details will be inserted for this employee','1','2013-08-01 12:22:42','0000-00-00 00:00:00'),(231,'Sigma  Dash','designation','department','some details will be inserted for this employee','1','2013-08-01 12:22:42','0000-00-00 00:00:00'),(232,'Siraj Ali','designation','department','some details will be inserted for this employee','1','2013-08-01 12:22:43','0000-00-00 00:00:00'),(233,'Sonali Minocha','designation','department','some details will be inserted for this employee','1','2013-08-01 12:23:05','0000-00-00 00:00:00'),(234,'Sonu Saini','designation','department','some details will be inserted for this employee','1','2013-08-01 12:23:05','0000-00-00 00:00:00'),(235,'Soumi Ghosh','designation','department','some details will be inserted for this employee','1','2013-08-01 12:23:05','0000-00-00 00:00:00'),(236,'Soumyadip  Das','designation','department','some details will be inserted for this employee','1','2013-08-01 12:23:05','0000-00-00 00:00:00'),(237,'Subhashish Mandal','designation','department','some details will be inserted for this employee','1','2013-08-01 12:23:05','0000-00-00 00:00:00'),(238,'Subrata  Kar','designation','department','some details will be inserted for this employee','1','2013-08-01 12:23:05','0000-00-00 00:00:00'),(239,'Sudeep Jain','designation','department','some details will be inserted for this employee','1','2013-08-01 12:23:05','0000-00-00 00:00:00'),(240,'Sudhanshu Kumar Singh','designation','department','some details will be inserted for this employee','1','2013-08-01 12:23:05','0000-00-00 00:00:00'),(241,'Sumit  Saxena','designation','department','some details will be inserted for this employee','1','2013-08-01 12:23:05','0000-00-00 00:00:00'),(242,'Sumit  Agarwal','designation','department','some details will be inserted for this employee','1','2013-08-01 12:23:05','0000-00-00 00:00:00'),(243,'Suraj Pal Singh Rawat','designation','department','some details will be inserted for this employee','1','2013-08-01 12:23:05','0000-00-00 00:00:00'),(244,'Swatantra Kumar','designation','department','some details will be inserted for this employee','1','2013-08-01 12:23:05','0000-00-00 00:00:00'),(245,'Tanu Trehan','designation','department','some details will be inserted for this employee','1','2013-08-01 12:23:06','0000-00-00 00:00:00'),(246,'Tarkesh Wagh','designation','department','some details will be inserted for this employee','1','2013-08-01 12:23:20','0000-00-00 00:00:00'),(247,'Tarun Seth','designation','department','some details will be inserted for this employee','1','2013-08-01 12:23:20','0000-00-00 00:00:00'),(248,'Tarun  Singhal','designation','department','some details will be inserted for this employee','1','2013-08-01 12:23:20','0000-00-00 00:00:00'),(249,'Tilak Raj','designation','department','some details will be inserted for this employee','1','2013-08-01 12:23:20','0000-00-00 00:00:00'),(250,'Tripti  Jain','designation','department','some details will be inserted for this employee','1','2013-08-01 12:23:20','0000-00-00 00:00:00'),(251,'Ujjwal Rawlley','designation','department','some details will be inserted for this employee','1','2013-08-01 12:23:20','0000-00-00 00:00:00'),(252,'Utsab  Chatterjee','designation','department','some details will be inserted for this employee','1','2013-08-01 12:23:20','0000-00-00 00:00:00'),(253,'Vaibhav Singh','designation','department','some details will be inserted for this employee','1','2013-08-01 12:23:20','0000-00-00 00:00:00'),(254,'Varun  Taliyan','designation','department','some details will be inserted for this employee','1','2013-08-01 12:23:20','0000-00-00 00:00:00'),(255,'Varun  Sharma','designation','department','some details will be inserted for this employee','1','2013-08-01 12:23:20','0000-00-00 00:00:00'),(256,'Vibhor Agarwal','designation','department','some details will be inserted for this employee','1','2013-08-01 12:23:20','0000-00-00 00:00:00'),(257,'Vijay Kumar Jha','designation','department','some details will be inserted for this employee','1','2013-08-01 12:23:20','0000-00-00 00:00:00'),(258,'Vijaykant  Khowal','designation','department','some details will be inserted for this employee','1','2013-08-01 12:23:20','0000-00-00 00:00:00'),(259,'Vikas  Kumar','designation','department','some details will be inserted for this employee','1','2013-08-01 12:23:20','0000-00-00 00:00:00'),(260,'Vinay Kumar Shukla','designation','department','some details will be inserted for this employee','1','2013-08-01 12:23:20','0000-00-00 00:00:00'),(261,'Vineet  Agrawal','designation','department','some details will be inserted for this employee','1','2013-08-01 12:23:20','0000-00-00 00:00:00'),(262,'Vineet  Rana','designation','department','some details will be inserted for this employee','1','2013-08-01 12:23:20','0000-00-00 00:00:00'),(263,'Vinod Rohilla','designation','department','some details will be inserted for this employee','1','2013-08-01 12:23:20','0000-00-00 00:00:00'),(264,'Vinod Kumar Singh','designation','department','some details will be inserted for this employee','1','2013-08-01 12:23:20','0000-00-00 00:00:00'),(265,'Vinod Kumar Maurya','designation','department','some details will be inserted for this employee','1','2013-08-01 12:23:20','0000-00-00 00:00:00'),(266,'Vipin Nahal','designation','department','some details will be inserted for this employee','1','2013-08-01 12:23:20','0000-00-00 00:00:00'),(267,'Vippan  Kumar','designation','department','some details will be inserted for this employee','1','2013-08-01 12:23:21','0000-00-00 00:00:00'),(268,'Wattan Kumar','designation','department','some details will be inserted for this employee','1','2013-08-01 12:23:46','0000-00-00 00:00:00'),(269,'Yash Kumar  Sharma','designation','department','some details will be inserted for this employee','1','2013-08-01 12:23:46','0000-00-00 00:00:00'),(270,'Yogesh  Ballani','designation','department','some details will be inserted for this employee','1','2013-08-01 12:23:46','0000-00-00 00:00:00'),(271,'Yogita  Dahiya','designation','department','some details will be inserted for this employee','1','2013-08-01 12:23:46','0000-00-00 00:00:00'),(272,'Yugant Khokhar','designation','department','some details will be inserted for this employee','1','2013-08-01 12:23:47','0000-00-00 00:00:00');
/*!40000 ALTER TABLE `employee` ENABLE KEYS */;
UNLOCK TABLES;

--
-- Table structure for table `login`
--

DROP TABLE IF EXISTS `login`;
/*!40101 SET @saved_cs_client     = @@character_set_client */;
/*!40101 SET character_set_client = utf8 */;
CREATE TABLE `login` (
  `id` int(5) unsigned NOT NULL AUTO_INCREMENT COMMENT 'THIS WILL BE AUTO GENERATED UNIQUE ID',
  `username` varchar(30) COLLATE utf8_unicode_ci DEFAULT NULL COMMENT 'USERNAME',
  `password` varchar(60) COLLATE utf8_unicode_ci DEFAULT NULL COMMENT 'PASSWORD',
  `status` enum('0','1') COLLATE utf8_unicode_ci NOT NULL DEFAULT '1' COMMENT 'status 1:Active,0:Deleted',
  `created_on` timestamp NOT NULL DEFAULT CURRENT_TIMESTAMP COMMENT 'Time of login creation ',
  `updated_on` datetime DEFAULT NULL COMMENT 'Time of updation',
  PRIMARY KEY (`id`)
) ENGINE=InnoDB AUTO_INCREMENT=5 DEFAULT CHARSET=utf8 COLLATE=utf8_unicode_ci;
/*!40101 SET character_set_client = @saved_cs_client */;

--
-- Dumping data for table `login`
--

LOCK TABLES `login` WRITE;
/*!40000 ALTER TABLE `login` DISABLE KEYS */;
INSERT INTO `login` VALUES (1,'admin','81dc9bdb52d04dc20036dbd8313ed055','1','2013-07-29 10:13:16','0000-00-00 00:00:00'),(2,'user1','81dc9bdb52d04dc20036dbd8313ed055','1','2013-07-29 10:13:16','0000-00-00 00:00:00'),(3,'user2','81dc9bdb52d04dc20036dbd8313ed055','1','2013-07-29 10:13:16','0000-00-00 00:00:00'),(4,'user3','81dc9bdb52d04dc20036dbd8313ed055','1','2013-07-29 10:13:17','0000-00-00 00:00:00');
/*!40000 ALTER TABLE `login` ENABLE KEYS */;
UNLOCK TABLES;

--
-- Table structure for table `room`
--

DROP TABLE IF EXISTS `room`;
/*!40101 SET @saved_cs_client     = @@character_set_client */;
/*!40101 SET character_set_client = utf8 */;
CREATE TABLE `room` (
  `id` int(2) unsigned NOT NULL AUTO_INCREMENT COMMENT 'THIS WILL BE AUTO GENERATED UNIQUE ID',
  `name` varchar(30) CHARACTER SET utf8 COLLATE utf8_unicode_ci DEFAULT NULL COMMENT 'Name of Employee',
  `status` enum('0','1') NOT NULL DEFAULT '1' COMMENT 'status 1:Active,0:Deleted',
  `created_on` timestamp NOT NULL DEFAULT CURRENT_TIMESTAMP COMMENT 'Time of login creation ',
  `updated_on` datetime DEFAULT NULL COMMENT 'Time of updation',
  PRIMARY KEY (`id`)
) ENGINE=InnoDB AUTO_INCREMENT=37 DEFAULT CHARSET=latin1;
/*!40101 SET character_set_client = @saved_cs_client */;

--
-- Dumping data for table `room`
--

LOCK TABLES `room` WRITE;
/*!40000 ALTER TABLE `room` DISABLE KEYS */;
INSERT INTO `room` VALUES (1,'googol','1','0000-00-00 00:00:00','0000-00-00 00:00:00'),(2,'Lab-1','1','0000-00-00 00:00:00','0000-00-00 00:00:00'),(3,'cabin-1','1','0000-00-00 00:00:00','0000-00-00 00:00:00'),(4,'cabin-2','1','0000-00-00 00:00:00','0000-00-00 00:00:00'),(5,'cabin-3','1','0000-00-00 00:00:00','0000-00-00 00:00:00'),(6,'cabin-4','1','0000-00-00 00:00:00','0000-00-00 00:00:00'),(7,'sirijan 2','1','2013-07-30 06:04:08','0000-00-00 00:00:00'),(8,'Aer','1','2013-07-30 06:04:08','0000-00-00 00:00:00'),(9,'aqua','1','2013-07-30 06:04:08','0000-00-00 00:00:00'),(10,'conference','1','2013-07-30 06:04:08','0000-00-00 00:00:00'),(11,'Egnis','1','2013-07-30 06:04:08','0000-00-00 00:00:00'),(12,'jugraj singh bedi','1','2013-07-30 06:04:08','0000-00-00 00:00:00'),(13,'sachin khurana','1','2013-07-30 06:04:08','0000-00-00 00:00:00'),(14,'terra','1','2013-07-30 06:04:08','0000-00-00 00:00:00'),(15,'Pranabdas','1','2013-07-30 06:04:08','0000-00-00 00:00:00'),(16,'arinder singh suri','1','2013-07-30 06:04:08','0000-00-00 00:00:00'),(17,'sonali minocha','1','2013-07-30 06:04:08','0000-00-00 00:00:00'),(18,'sourabh','1','2013-07-30 06:04:08','0000-00-00 00:00:00'),(19,'accounts','1','2013-07-30 06:04:08','0000-00-00 00:00:00'),(20,'sirijan 3','1','2013-07-30 06:04:09','0000-00-00 00:00:00'),(21,'cabin-5','1','2013-07-31 04:07:13','0000-00-00 00:00:00'),(22,'cabin-6','1','2013-07-31 04:07:13','0000-00-00 00:00:00'),(23,'cabin-7','1','2013-07-31 04:07:13','0000-00-00 00:00:00'),(24,'cabin-8','1','2013-07-31 04:07:13','0000-00-00 00:00:00'),(25,'cabin-9','1','2013-07-31 04:07:13','0000-00-00 00:00:00'),(26,'cabin-10','1','2013-07-31 04:07:13','0000-00-00 00:00:00'),(27,'cabin-11','1','2013-07-31 04:07:13','0000-00-00 00:00:00'),(28,'cabin-12','1','2013-07-31 04:07:13','0000-00-00 00:00:00'),(29,'cabin-13','1','2013-07-31 04:07:13','0000-00-00 00:00:00'),(30,'cabin-14','1','2013-07-31 04:07:13','0000-00-00 00:00:00'),(31,'cabin-15','1','2013-07-31 04:07:13','0000-00-00 00:00:00'),(32,'cabin-16','1','2013-07-31 04:07:13','0000-00-00 00:00:00'),(33,'cabin-17','1','2013-07-31 04:07:15','0000-00-00 00:00:00'),(34,'room-1','1','2013-07-31 04:40:11','0000-00-00 00:00:00'),(35,'room-2','1','2013-07-31 04:40:11','0000-00-00 00:00:00');
/*!40000 ALTER TABLE `room` ENABLE KEYS */;
UNLOCK TABLES;

--
-- Table structure for table `room_row`
--

DROP TABLE IF EXISTS `room_row`;
/*!40101 SET @saved_cs_client     = @@character_set_client */;
/*!40101 SET character_set_client = utf8 */;
CREATE TABLE `room_row` (
  `id` int(5) unsigned NOT NULL AUTO_INCREMENT COMMENT 'THIS WILL BE AUTO GENERATED UNIQUE ID',
  `room_id` int(2) unsigned DEFAULT NULL COMMENT 'Name of Employee',
  `row_number` int(2) unsigned DEFAULT NULL COMMENT 'THIS WILL BE AUTO GENERATED UNIQUE ID',
  `computer` int(2) unsigned DEFAULT NULL COMMENT 'THIS WILL BE AUTO GENERATED UNIQUE ID',
  `status` enum('0','1') NOT NULL DEFAULT '1' COMMENT 'status 1:Active,0:Deleted',
  `created_on` timestamp NOT NULL DEFAULT CURRENT_TIMESTAMP COMMENT 'Time of login creation ',
  `updated_on` datetime DEFAULT NULL COMMENT 'Time of updation',
  PRIMARY KEY (`id`),
  KEY `room_id` (`room_id`),
  CONSTRAINT `room_row_ibfk_1` FOREIGN KEY (`room_id`) REFERENCES `room` (`id`)
) ENGINE=InnoDB AUTO_INCREMENT=55 DEFAULT CHARSET=latin1;
/*!40101 SET character_set_client = @saved_cs_client */;

--
-- Dumping data for table `room_row`
--

LOCK TABLES `room_row` WRITE;
/*!40000 ALTER TABLE `room_row` DISABLE KEYS */;
INSERT INTO `room_row` VALUES (1,2,1,9,'1','0000-00-00 00:00:00','0000-00-00 00:00:00'),(2,2,2,9,'1','0000-00-00 00:00:00','0000-00-00 00:00:00'),(3,2,3,9,'1','0000-00-00 00:00:00','0000-00-00 00:00:00'),(4,2,4,9,'1','0000-00-00 00:00:00','0000-00-00 00:00:00'),(5,2,5,9,'1','0000-00-00 00:00:00','0000-00-00 00:00:00'),(6,2,6,9,'1','0000-00-00 00:00:00','0000-00-00 00:00:00'),(7,2,7,9,'1','0000-00-00 00:00:00','0000-00-00 00:00:00'),(8,2,8,9,'1','0000-00-00 00:00:00','0000-00-00 00:00:00'),(9,2,9,9,'1','0000-00-00 00:00:00','0000-00-00 00:00:00'),(10,2,10,9,'1','0000-00-00 00:00:00','0000-00-00 00:00:00'),(11,2,11,9,'1','0000-00-00 00:00:00','0000-00-00 00:00:00'),(12,2,12,9,'1','0000-00-00 00:00:00','0000-00-00 00:00:00'),(13,2,13,9,'1','0000-00-00 00:00:00','0000-00-00 00:00:00'),(14,2,14,9,'1','0000-00-00 00:00:00','0000-00-00 00:00:00'),(15,2,15,9,'1','0000-00-00 00:00:00','0000-00-00 00:00:00'),(16,2,16,9,'1','0000-00-00 00:00:00','0000-00-00 00:00:00'),(17,15,1,1,'1','2013-07-30 06:15:43','0000-00-00 00:00:00'),(18,16,1,1,'1','2013-07-30 06:15:43','0000-00-00 00:00:00'),(19,17,1,3,'1','2013-07-30 06:15:43','0000-00-00 00:00:00'),(20,18,1,1,'1','2013-07-30 06:15:43','0000-00-00 00:00:00'),(21,19,1,3,'1','2013-07-30 06:15:43','0000-00-00 00:00:00'),(22,11,1,4,'1','2013-07-30 06:15:43','0000-00-00 00:00:00'),(23,12,1,1,'1','2013-07-30 06:15:43','0000-00-00 00:00:00'),(24,13,1,1,'1','2013-07-30 06:15:43','0000-00-00 00:00:00'),(25,14,1,4,'1','2013-07-30 06:15:43','0000-00-00 00:00:00'),(26,10,1,4,'1','2013-07-30 06:15:43','0000-00-00 00:00:00'),(27,8,1,2,'1','2013-07-30 06:15:43','0000-00-00 00:00:00'),(28,9,1,2,'1','2013-07-30 06:15:44','0000-00-00 00:00:00'),(29,3,1,1,'1','2013-07-31 04:09:58','0000-00-00 00:00:00'),(30,4,1,1,'1','2013-07-31 04:09:58','0000-00-00 00:00:00'),(31,5,1,1,'1','2013-07-31 04:09:58','0000-00-00 00:00:00'),(32,6,1,1,'1','2013-07-31 04:09:58','0000-00-00 00:00:00'),(33,21,1,1,'1','2013-07-31 04:09:58','0000-00-00 00:00:00'),(34,22,1,1,'1','2013-07-31 04:09:58','0000-00-00 00:00:00'),(35,23,1,1,'1','2013-07-31 04:09:58','0000-00-00 00:00:00'),(36,24,1,1,'1','2013-07-31 04:09:58','0000-00-00 00:00:00'),(37,25,1,1,'1','2013-07-31 04:09:58','0000-00-00 00:00:00'),(38,26,1,1,'1','2013-07-31 04:09:58','0000-00-00 00:00:00'),(39,27,1,1,'1','2013-07-31 04:09:58','0000-00-00 00:00:00'),(40,28,1,1,'1','2013-07-31 04:09:58','0000-00-00 00:00:00'),(41,29,1,1,'1','2013-07-31 04:09:58','0000-00-00 00:00:00'),(42,30,1,1,'1','2013-07-31 04:09:59','0000-00-00 00:00:00'),(43,31,1,1,'1','2013-07-31 04:38:34','0000-00-00 00:00:00'),(44,32,1,1,'1','2013-07-31 04:38:34','0000-00-00 00:00:00'),(45,33,1,1,'1','2013-07-31 04:38:35','0000-00-00 00:00:00'),(46,34,1,6,'1','2013-07-31 04:41:45','0000-00-00 00:00:00'),(47,35,1,5,'1','2013-07-31 04:41:46','0000-00-00 00:00:00'),(48,20,1,9,'1','2013-07-31 04:41:46','0000-00-00 00:00:00'),(49,7,1,4,'1','2013-07-31 04:45:43','0000-00-00 00:00:00'),(50,7,2,4,'1','2013-07-31 04:45:43','0000-00-00 00:00:00'),(51,7,3,4,'1','2013-07-31 04:45:43','0000-00-00 00:00:00'),(52,7,4,3,'1','2013-07-31 04:45:43','0000-00-00 00:00:00'),(53,7,5,3,'1','2013-07-31 04:45:43','0000-00-00 00:00:00'),(54,7,6,3,'1','2013-07-31 04:45:43','0000-00-00 00:00:00');
/*!40000 ALTER TABLE `room_row` ENABLE KEYS */;
UNLOCK TABLES;

--
-- Table structure for table `seat_employee`
--

DROP TABLE IF EXISTS `seat_employee`;
/*!40101 SET @saved_cs_client     = @@character_set_client */;
/*!40101 SET character_set_client = utf8 */;
CREATE TABLE `seat_employee` (
  `id` int(11) unsigned NOT NULL AUTO_INCREMENT COMMENT 'THIS WILL BE AUTO GENERATED UNIQUE ID',
  `eid` int(5) unsigned DEFAULT NULL COMMENT 'THIS WILL BE ID Of employee',
  `sid` int(5) unsigned DEFAULT NULL COMMENT 'THIS WILL BE ID Of seat',
  `computer_id` int(2) unsigned DEFAULT NULL COMMENT 'THIS WILL BE ID Of computer allocated to user',
  `asignee` int(5) unsigned DEFAULT NULL COMMENT 'THIS WILL BE ID Of asignee',
  `details` text COLLATE utf8_unicode_ci NOT NULL COMMENT 'DESCRIPTION OF Employee',
  `status` enum('0','1') COLLATE utf8_unicode_ci NOT NULL DEFAULT '1' COMMENT 'status 1:Active,0:Deleted',
  `created_on` timestamp NOT NULL DEFAULT CURRENT_TIMESTAMP COMMENT 'Time of login creation ',
  `updated_on` datetime DEFAULT NULL COMMENT 'Time of updation',
  PRIMARY KEY (`id`),
  KEY `eid` (`eid`),
  KEY `asignee` (`asignee`),
  KEY `sid` (`sid`),
  CONSTRAINT `seat_employee_ibfk_1` FOREIGN KEY (`eid`) REFERENCES `employee` (`id`),
  CONSTRAINT `seat_employee_ibfk_2` FOREIGN KEY (`asignee`) REFERENCES `login` (`id`),
  CONSTRAINT `seat_employee_ibfk_3` FOREIGN KEY (`sid`) REFERENCES `room_row` (`id`)
) ENGINE=InnoDB AUTO_INCREMENT=2 DEFAULT CHARSET=utf8 COLLATE=utf8_unicode_ci;
/*!40101 SET character_set_client = @saved_cs_client */;

--
-- Dumping data for table `seat_employee`
--

LOCK TABLES `seat_employee` WRITE;
/*!40000 ALTER TABLE `seat_employee` DISABLE KEYS */;
INSERT INTO `seat_employee` VALUES (1,5,1,1,1,'hkjhkjlkl jhkjhkl hkllkjhkl jkjhhlkhll','1','2013-08-01 14:47:29','0000-00-00 00:00:00');
/*!40000 ALTER TABLE `seat_employee` ENABLE KEYS */;
UNLOCK TABLES;
/*!40103 SET TIME_ZONE=@OLD_TIME_ZONE */;

/*!40101 SET SQL_MODE=@OLD_SQL_MODE */;
/*!40014 SET FOREIGN_KEY_CHECKS=@OLD_FOREIGN_KEY_CHECKS */;
/*!40014 SET UNIQUE_CHECKS=@OLD_UNIQUE_CHECKS */;
/*!40101 SET CHARACTER_SET_CLIENT=@OLD_CHARACTER_SET_CLIENT */;
/*!40101 SET CHARACTER_SET_RESULTS=@OLD_CHARACTER_SET_RESULTS */;
/*!40101 SET COLLATION_CONNECTION=@OLD_COLLATION_CONNECTION */;
/*!40111 SET SQL_NOTES=@OLD_SQL_NOTES */;

-- Dump completed on 2013-08-01 20:54:07
